{
  "J": 10,
  "N": 80,
  "group": [
    1,
    2,
    3,
    4,
    5,
    6,
    7,
    8,
    9,
    10,
    1,
    2,
    3,
    4,
    5,
    6,
    7,
    8,
    9,
    10,
    1,
    2,
    3,
    4,
    5,
    6,
    7,
    8,
    9,
    10,
    1,
    2,
    3,
    4,
    5,
    6,
    7,
    8,
    9,
    10,
    1,
    2,
    3,
    4,
    5,
    6,
    7,
    8,
    9,
    10,
    1,
    2,
    3,
    4,
    5,
    6,
    7,
    8,
    9,
    10,
    1,
    2,
    3,
    4,
    5,
    6,
    7,
    8,
    9,
    10,
    1,
    2,
    3,
    4,
    5,
    6,
    7,
    8,
    9,
    10
  ],
  "x": [
    -1.5,
    -1.25,
    -1.0,
    -0.75,
    -0.5,
    -0.25,
    0.0,
    0.25,
    0.5,
    0.75,
    1.0,
    1.25,
    1.5,
    -1.5,
    -1.25,
    -1.0,
    -0.75,
    -0.5,
    -0.25,
    0.0,
    0.25,
    0.5,
    0.75,
    1.0,
    1.25,
    1.5,
    -1.5,
    -1.25,
    -1.0,
    -0.75,
    -0.5,
    -0.25,
    0.0,
    0.25,
    0.5,
    0.75,
    1.0,
    1.25,
    1.5,
    -1.5,
    -1.25,
    -1.0,
    -0.75,
    -0.5,
    -0.25,
    0.0,
    0.25,
    0.5,
    0.75,
    1.0,
    1.25,
    1.5,
    -1.5,
    -1.25,
    -1.0,
    -0.75,
    -0.5,
    -0.25,
    0.0,
    0.25,
    0.5,
    0.75,
    1.0,
    1.25,
    1.5,
    -1.5,
    -1.25,
    -1.0,
    -0.75,
    -0.5,
    -0.25,
    0.0,
    0.25,
    0.5,
    0.75,
    1.0,
    1.25,
    1.5,
    -1.5,
    -1.25
  ],
  "y": [
    -0.5499999999999998,
    -0.17500000000000004,
    0.20000000000000007,
    0.5750000000000002,
    0.9500000000000001,
    1.325,
    1.7000000000000002,
    2.075,
    2.45,
    2.8249999999999997,
    1.2,
    1.575,
    1.9499999999999997,
    0.050000000000000266,
    0.42500000000000004,
    0.8,
    1.1750000000000003,
    1.5500000000000003,
    1.925,
    2.3,
    0.675,
    1.0499999999999998,
    1.4249999999999998,
    1.8,
    2.175,
    2.55,
    0.6500000000000004,
    1.0250000000000001,
    1.4000000000000001,
    1.775,
    0.15000000000000002,
    0.5249999999999999,
    0.9,
    1.2750000000000001,
    1.65,
    2.025,
    2.4000000000000004,
    2.7750000000000004,
    3.15,
    1.25,
    -0.375,
    0.0,
    0.3750000000000001,
    0.7500000000000001,
    1.125,
    1.5,
    1.8750000000000002,
    2.25,
    2.625,
    3.0,
    1.375,
    1.7499999999999998,
    -0.1499999999999998,
    0.2250000000000001,
    0.6000000000000001,
    0.9750000000000001,
    1.35,
    1.725,
    2.1,
    2.4749999999999996,
    0.85,
    1.2249999999999999,
    1.6,
    1.975,
    2.3499999999999996,
    0.4500000000000002,
    0.8250000000000002,
    1.2000000000000002,
    1.5750000000000002,
    1.9499999999999997,
    0.325,
    0.7,
    1.075,
    1.4500000000000002,
    1.825,
    2.2,
    2.575,
    2.95,
    1.0500000000000003,
    1.4249999999999998
  ]
}
