{
  "checks": {
    "ess_above_400": true,
    "nchains_is_gte_4": true,
    "ndraws_is_10k": true,
    "rhat_below_1_01": true
  },
  "diagnostics": {
    "L_Rho[1,1]": {
      "ess_bulk": 10000.0,
      "ess_tail": 10000.0,
      "rhat": 1.0
    },
    "L_Rho[1,2]": {
      "ess_bulk": 10000.0,
      "ess_tail": 10000.0,
      "rhat": 1.0
    },
    "L_Rho[2,1]": {
      "ess_bulk": 5935.418757057296,
      "ess_tail": 6455.042289150315,
      "rhat": 1.000814860309357
    },
    "L_Rho[2,2]": {
      "ess_bulk": 5732.679044546268,
      "ess_tail": 7038.115063706883,
      "rhat": 1.0008312507133157
    },
    "mu[1]": {
      "ess_bulk": 4992.874815217856,
      "ess_tail": 5711.976079336723,
      "rhat": 1.0016986200321416
    },
    "mu[2]": {
      "ess_bulk": 6668.315131570225,
      "ess_tail": 4860.5169664434,
      "rhat": 1.0010098165748056
    },
    "sigma[1]": {
      "ess_bulk": 2846.356206764612,
      "ess_tail": 5477.825800898703,
      "rhat": 1.003307379462389
    },
    "sigma[2]": {
      "ess_bulk": 2930.744128620601,
      "ess_tail": 5530.9543642503995,
      "rhat": 1.0018730274936094
    },
    "z[1,1]": {
      "ess_bulk": 5748.800445760749,
      "ess_tail": 6897.115440893765,
      "rhat": 1.0006342683481686
    },
    "z[1,2]": {
      "ess_bulk": 10000.0,
      "ess_tail": 5799.362697790175,
      "rhat": 1.0004722673702946
    },
    "z[10,1]": {
      "ess_bulk": 10000.0,
      "ess_tail": 5918.57720748736,
      "rhat": 1.0010248376403983
    },
    "z[10,2]": {
      "ess_bulk": 5780.542910255887,
      "ess_tail": 6433.814034310771,
      "rhat": 1.0009226802755682
    },
    "z[11,1]": {
      "ess_bulk": 10000.0,
      "ess_tail": 4900.468123299661,
      "rhat": 1.001317231380452
    },
    "z[11,2]": {
      "ess_bulk": 10000.0,
      "ess_tail": 5624.928756138307,
      "rhat": 1.001627602503383
    },
    "z[12,1]": {
      "ess_bulk": 10000.0,
      "ess_tail": 5552.729190365096,
      "rhat": 1.001122760695184
    },
    "z[12,2]": {
      "ess_bulk": 10000.0,
      "ess_tail": 5169.003520181503,
      "rhat": 1.0011925279740945
    },
    "z[13,1]": {
      "ess_bulk": 10000.0,
      "ess_tail": 5158.175573404428,
      "rhat": 1.000897529332822
    },
    "z[13,2]": {
      "ess_bulk": 6010.670546361608,
      "ess_tail": 5145.837945555705,
      "rhat": 1.0007846362819193
    },
    "z[14,1]": {
      "ess_bulk": 10000.0,
      "ess_tail": 5551.931113623661,
      "rhat": 1.0003886412857226
    },
    "z[14,2]": {
      "ess_bulk": 10000.0,
      "ess_tail": 4919.881793858577,
      "rhat": 1.000404277650051
    },
    "z[15,1]": {
      "ess_bulk": 10000.0,
      "ess_tail": 5547.813647866504,
      "rhat": 1.0010919837649956
    },
    "z[15,2]": {
      "ess_bulk": 10000.0,
      "ess_tail": 5260.409470164424,
      "rhat": 1.0013077609312855
    },
    "z[16,1]": {
      "ess_bulk": 10000.0,
      "ess_tail": 5515.157330351555,
      "rhat": 1.0009573654033406
    },
    "z[16,2]": {
      "ess_bulk": 7873.951564474998,
      "ess_tail": 5457.832922084823,
      "rhat": 1.0014566914118446
    },
    "z[17,1]": {
      "ess_bulk": 10000.0,
      "ess_tail": 5424.08119209231,
      "rhat": 1.0013994920731863
    },
    "z[17,2]": {
      "ess_bulk": 10000.0,
      "ess_tail": 4596.699730284858,
      "rhat": 1.0014762981103058
    },
    "z[18,1]": {
      "ess_bulk": 10000.0,
      "ess_tail": 4971.00516490663,
      "rhat": 1.001107633415782
    },
    "z[18,2]": {
      "ess_bulk": 10000.0,
      "ess_tail": 4881.440806891518,
      "rhat": 1.0019457008000776
    },
    "z[19,1]": {
      "ess_bulk": 10000.0,
      "ess_tail": 5582.483550929281,
      "rhat": 1.0003800993298688
    },
    "z[19,2]": {
      "ess_bulk": 8204.68096193481,
      "ess_tail": 5284.094773548366,
      "rhat": 1.0006796878093998
    },
    "z[2,1]": {
      "ess_bulk": 10000.0,
      "ess_tail": 5906.611148894397,
      "rhat": 1.0007252299705942
    },
    "z[2,2]": {
      "ess_bulk": 10000.0,
      "ess_tail": 6164.1321259814395,
      "rhat": 1.0004388116806318
    },
    "z[20,1]": {
      "ess_bulk": 10000.0,
      "ess_tail": 6002.273555745437,
      "rhat": 1.0007203887342146
    },
    "z[20,2]": {
      "ess_bulk": 7348.900802779795,
      "ess_tail": 4961.647043587654,
      "rhat": 1.0011032936111108
    },
    "z[21,1]": {
      "ess_bulk": 10000.0,
      "ess_tail": 5139.187451898344,
      "rhat": 1.0018399116391754
    },
    "z[21,2]": {
      "ess_bulk": 10000.0,
      "ess_tail": 4856.739605250683,
      "rhat": 1.000776339026251
    },
    "z[22,1]": {
      "ess_bulk": 10000.0,
      "ess_tail": 4494.105382233247,
      "rhat": 1.0005788971737988
    },
    "z[22,2]": {
      "ess_bulk": 10000.0,
      "ess_tail": 4991.747938353912,
      "rhat": 1.0005271848956805
    },
    "z[23,1]": {
      "ess_bulk": 10000.0,
      "ess_tail": 5066.901558464061,
      "rhat": 1.002198841612706
    },
    "z[23,2]": {
      "ess_bulk": 10000.0,
      "ess_tail": 4861.128862770919,
      "rhat": 1.0005912452966743
    },
    "z[24,1]": {
      "ess_bulk": 10000.0,
      "ess_tail": 5012.74855801159,
      "rhat": 1.0010915674722647
    },
    "z[24,2]": {
      "ess_bulk": 7585.621162607954,
      "ess_tail": 5181.6978237922995,
      "rhat": 1.001595019944055
    },
    "z[25,1]": {
      "ess_bulk": 10000.0,
      "ess_tail": 5136.416867018433,
      "rhat": 1.001113813651584
    },
    "z[25,2]": {
      "ess_bulk": 7320.440432277975,
      "ess_tail": 4983.595127024856,
      "rhat": 1.0001747608640532
    },
    "z[26,1]": {
      "ess_bulk": 10000.0,
      "ess_tail": 5182.200930568654,
      "rhat": 1.0007842016327746
    },
    "z[26,2]": {
      "ess_bulk": 10000.0,
      "ess_tail": 5455.2675650893425,
      "rhat": 1.0003710459886628
    },
    "z[27,1]": {
      "ess_bulk": 10000.0,
      "ess_tail": 5474.2778511083425,
      "rhat": 1.0001324590763592
    },
    "z[27,2]": {
      "ess_bulk": 10000.0,
      "ess_tail": 4560.526931795738,
      "rhat": 1.0012598283294667
    },
    "z[28,1]": {
      "ess_bulk": 10000.0,
      "ess_tail": 4714.41971197095,
      "rhat": 1.0011835478817257
    },
    "z[28,2]": {
      "ess_bulk": 10000.0,
      "ess_tail": 5112.42189980476,
      "rhat": 1.0007567864579663
    },
    "z[29,1]": {
      "ess_bulk": 10000.0,
      "ess_tail": 4573.778041394115,
      "rhat": 1.00059278656545
    },
    "z[29,2]": {
      "ess_bulk": 10000.0,
      "ess_tail": 5149.1153390768,
      "rhat": 1.0010981202287859
    },
    "z[3,1]": {
      "ess_bulk": 10000.0,
      "ess_tail": 6199.036928444435,
      "rhat": 1.0010774484356617
    },
    "z[3,2]": {
      "ess_bulk": 10000.0,
      "ess_tail": 5664.264358394891,
      "rhat": 1.0003074679045498
    },
    "z[30,1]": {
      "ess_bulk": 10000.0,
      "ess_tail": 5105.660492861848,
      "rhat": 1.000641529564691
    },
    "z[30,2]": {
      "ess_bulk": 10000.0,
      "ess_tail": 5489.94007644098,
      "rhat": 1.0010732481422924
    },
    "z[4,1]": {
      "ess_bulk": 10000.0,
      "ess_tail": 7063.840057740974,
      "rhat": 1.001009100931615
    },
    "z[4,2]": {
      "ess_bulk": 10000.0,
      "ess_tail": 5973.9051177046895,
      "rhat": 1.0000216064049194
    },
    "z[5,1]": {
      "ess_bulk": 5129.930196638234,
      "ess_tail": 5768.366133711742,
      "rhat": 1.0009755642150306
    },
    "z[5,2]": {
      "ess_bulk": 4384.958726151973,
      "ess_tail": 5214.22482039887,
      "rhat": 1.0015225900022904
    },
    "z[6,1]": {
      "ess_bulk": 10000.0,
      "ess_tail": 5263.765589163021,
      "rhat": 1.0024265736920757
    },
    "z[6,2]": {
      "ess_bulk": 10000.0,
      "ess_tail": 4631.6089957185695,
      "rhat": 0.9999684602703833
    },
    "z[7,1]": {
      "ess_bulk": 10000.0,
      "ess_tail": 5078.397823987323,
      "rhat": 1.000436172267456
    },
    "z[7,2]": {
      "ess_bulk": 10000.0,
      "ess_tail": 5370.053410021404,
      "rhat": 1.00129209415789
    },