{
  "checks": {
    "ess_above_400": true,
    "nchains_is_gte_4": true,
    "ndraws_is_10k": true,
    "rhat_below_1_01": true
  },
  "diagnostics": {
    "alpha": {
      "ess_bulk": 10000.0,
      "ess_tail": 10000.0,
      "rhat": 1.0000850951234108
    },
    "beta1": {
      "ess_bulk": 9783.284250436034,
      "ess_tail": 10000.0,
      "rhat": 1.0003989639445023
    },
    "beta2": {
      "ess_bulk": 9710.174827152454,
      "ess_tail": 9990.138037222923,
      "rhat": 0.9999169022340796
    },
    "logit_p[10]": {
      "ess_bulk": 9327.200597295925,
      "ess_tail": 9948.276542529296,
      "rhat": 1.0004452742717211
    },
    "logit_p[11]": {
      "ess_bulk": 9327.428227521075,
      "ess_tail": 9854.13266173425,
      "rhat": 1.0003558445851595
    },
    "logit_p[12]": {
      "ess_bulk": 9349.475383703828,
      "ess_tail": 9839.081373596098,
      "rhat": 1.0002138022241351
    },
    "logit_p[13]": {
      "ess_bulk": 10000.0,
      "ess_tail": 9889.094573532271,
      "rhat": 1.0004822756613592
    },
    "logit_p[14]": {
      "ess_bulk": 10000.0,
      "ess_tail": 9790.654005280423,
      "rhat": 1.000514270203456
    },
    "logit_p[15]": {
      "ess_bulk": 10000.0,
      "ess_tail": 9974.859633849659,
      "rhat": 1.0004622422447151
    },
    "logit_p[16]": {
      "ess_bulk": 10000.0,
      "ess_tail": 9970.274612755244,
      "rhat": 1.0002065879256505
    },
    "logit_p[17]": {
      "ess_bulk": 10000.0,
      "ess_tail": 10000.0,
      "rhat": 1.0001127109039836
    },
    "logit_p[18]": {
      "ess_bulk": 10000.0,
      "ess_tail": 9969.332927227859,
      "rhat": 1.0001036992592955
    },
    "logit_p[19]": {
      "ess_bulk": 10000.0,
      "ess_tail": 10000.0,
      "rhat": 1.0000889850947734
    },
    "logit_p[1]": {
      "ess_bulk": 9845.33008699312,
      "ess_tail": 10000.0,
      "rhat": 1.0000822723010627
    },
    "logit_p[20]": {
      "ess_bulk": 10000.0,
      "ess_tail": 10000.0,
      "rhat": 1.0000850951234108
    },
    "logit_p[21]": {
      "ess_bulk": 10000.0,
      "ess_tail": 10000.0,
      "rhat": 1.0000922947210207
    },
    "logit_p[22]": {
      "ess_bulk": 10000.0,
      "ess_tail": 9791.089341251058,
      "rhat": 1.0000927115877452
    },
    "logit_p[23]": {
      "ess_bulk": 10000.0,
      "ess_tail": 9876.027849883709,
      "rhat": 1.0001084132623181
    },
    "logit_p[24]": {
      "ess_bulk": 10000.0,
      "ess_tail": 10000.0,
      "rhat": 1.0001336670442431
    },
    "logit_p[25]": {
      "ess_bulk": 10000.0,
      "ess_tail": 10000.0,
      "rhat": 1.0001675222190456
    },
    "logit_p[26]": {
      "ess_bulk": 10000.0,
      "ess_tail": 10000.0,
      "rhat": 1.0002085017247533
    },
    "logit_p[27]": {
      "ess_bulk": 10000.0,
      "ess_tail": 9960.368840938621,
      "rhat": 1.0002604975614688
    },
    "logit_p[28]": {
      "ess_bulk": 10000.0,
      "ess_tail": 9867.910958022674,
      "rhat": 1.0003192152583846
    },
    "logit_p[29]": {
      "ess_bulk": 10000.0,
      "ess_tail": 9849.734825861195,
      "rhat": 1.0003706518217272
    },
    "logit_p[2]": {
      "ess_bulk": 9834.641649234069,
      "ess_tail": 10000.0,
      "rhat": 1.0000105736753884
    },
    "logit_p[30]": {
      "ess_bulk": 10000.0,
      "ess_tail": 9752.192147320044,
      "rhat": 1.0004154798555964
    },
    "logit_p[31]": {
      "ess_bulk": 10000.0,
      "ess_tail": 9847.5220960164,
      "rhat": 1.0004472185922124
    },
    "logit_p[32]": {
      "ess_bulk": 10000.0,
      "ess_tail": 9764.873083116217,
      "rhat": 1.0004576558918232
    },
    "logit_p[33]": {
      "ess_bulk": 9870.75610529056,
      "ess_tail": 9730.040846043006,
      "rhat": 1.000445005874005
    },
    "logit_p[34]": {
      "ess_bulk": 9821.80659174535,
      "ess_tail": 9746.958190020076,
      "rhat": 1.0003994819091584
    },
    "logit_p[35]": {
      "ess_bulk": 9768.831060015938,
      "ess_tail": 9739.21129918147,
      "rhat": 1.0003479290000312
    },
    "logit_p[36]": {
      "ess_bulk": 9730.144248415407,
      "ess_tail": 9662.834169767533,
      "rhat": 1.0002783617972344
    },
    "logit_p[37]": {
      "ess_bulk": 9700.009250726267,
      "ess_tail": 9667.555685680312,
      "rhat": 1.000218520774729
    },
    "logit_p[38]": {
      "ess_bulk": 9681.556909613644,
      "ess_tail": 9804.160075811806,
      "rhat": 1.0001586900478652
    },
    "logit_p[39]": {
      "ess_bulk": 9669.936728470078,
      "ess_tail": 9835.838275914126,
      "rhat": 1.000113134848421
    },
    "logit_p[3]": {
      "ess_bulk": 9829.542625617398,
      "ess_tail": 10000.0,
      "rhat": 1.0000109101069217
    },
    "logit_p[40]": {
      "ess_bulk": 9664.359830602007,
      "ess_tail": 9865.726186153863,
      "rhat": 1.000073957474402
    },
    "logit_p[4]": {
      "ess_bulk": 9825.843436825897,
      "ess_tail": 10000.0,
      "rhat": 1.000069136874985
    },
    "logit_p[5]": {
      "ess_bulk": 9816.451265682597,
      "ess_tail": 10000.0,
      "rhat": 1.0002043623255565
    },
    "logit_p[6]": {
      "ess_bulk": 9819.445384655337,
      "ess_tail": 10000.0,
      "rhat": 0.9999101271496016
    },
    "logit_p[7]": {
      "ess_bulk": 9003.38110024593,
      "ess_tail": 9788.520857430092,
      "rhat": 0.9999844408523508
    },
    "logit_p[8]": {
      "ess_bulk": 9015.63101349674,
      "ess_tail": 9783.006698438701,
      "rhat": 1.0002560249283867
    },
    "logit_p[9]": {
      "ess_bulk": 9330.111003443839,
      "ess_tail": 9961.39664892959,
      "rhat": 1.0002701642569578
    },
    "p[10]": {
      "ess_bulk": 9327.20354537023,
      "ess_tail": 9959.75185230441,
      "rhat": 1.0004621886842269
    },
    "p[11]": {
      "ess_bulk": 9327.42947695816,
      "ess_tail": 9869.330318166381,
      "rhat": 1.0003811463927559
    },
    "p[12]": {
      "ess_bulk": 9349.471107669195,
      "ess_tail": 9857.222133887995,
      "rhat": 1.0002368568038198
    },
    "p[13]": {
      "ess_bulk": 10000.0,
      "ess_tail": 9906.038827819544,
      "rhat": 1.0004991357079323
    },
    "p[14]": {
      "ess_bulk": 10000.0,
      "ess_tail": 9810.05878890618,
      "rhat": 1.000525242700121
    },
    "p[15]": {
      "ess_bulk": 10000.0,
      "ess_tail": 9987.743624587107,
      "rhat": 1.0004657806804236
    },
    "p[16]": {
      "ess_bulk": 10000.0,
      "ess_tail": 9983.45742742821,
      "rhat": 1.0002073277157062
    },
    "p[17]": {
      "ess_bulk": 10000.0,
      "ess_tail": 10000.0,
      "rhat": 1.0001127156189222
    },
    "p[18]": {
      "ess_bulk": 10000.0,
      "ess_tail": 9987.723945386517,
      "rhat": 1.0001036998362216
    },
    "p[19]": {
      "ess_bulk": 10000.0,
      "ess_tail": 10000.0,
      "rhat": 1.0000889849332584
    },
    "p[1]": {
      "ess_bulk": 9845.330703705802,
      "ess_tail": 10000.0,
      "rhat": 1.0000871298992933
    },
    "p[20]": {
      "ess_bulk": 10000.0,
      "ess_tail": 10000.0,
      "rhat": 1.000085098759542
    },
    "p[21]": {
      "ess_bulk": 10000.0,
      "ess_tail": 10000.0,
      "rhat": 1.0000922909567813
    },
    "p[22]": {
      "ess_bulk": 10000.0,
      "ess_tail": 9798.778474889355,
      "rhat": 1.000092710987349
    },
    "p[23]": {
      "ess_bulk": 10000.0,
      "ess_tail": 9881.895446118784,
      "rhat": 1.0001084057209475
    },
    "p[24]": {
      "ess_bulk": 10000.0,
      "ess_tail": 10000.0,
      "rhat": 1.0001336643619472
    },
    "p[25]": {
      "ess_bulk": 10000.0,
      "ess_tail": 10000.0,
      "rhat": 1.0001675171262154
    },
    "p[26]": {
      "ess_bulk": 10000.0,
      "ess_tail": 10000.0,
      "rhat": 1.0002085048804874
    },
    "p[27]": {
      "ess_bulk": 10000.0,
      "ess_tail": 9962.822002881221,
      "rhat": 1.0002604905029482
    },
    "p[28]": {
      "ess_bulk": 10000.0,
      "ess_tail": 9868.706966151723,
      "rhat": 1.0003192165879342
    },
    "p[29]": {
      "ess_bulk": 10000.0,
      "ess_tail": 9848.083429458195,