{
  "checks": {
    "ess_above_400": true,
    "nchains_is_gte_4": true,
    "ndraws_is_10k": true,
    "rhat_below_1_01": true
  },
  "diagnostics": {
    "alpha": {
      "ess_bulk": 10000.0,
      "ess_tail": 10000.0,
      "rhat": 1.000812660805131
    },
    "beta": {
      "ess_bulk": 9893.704079696408,
      "ess_tail": 9455.715572050725,
      "rhat": 1.000168597886353
    },
    "kappa": {
      "ess_bulk": 9836.900908517751,
      "ess_tail": 9372.583253455847,
      "rhat": 0.9998919426440165
    }
  },
  "generated_date": "2026-02-09",
  "model": "admit_dept-beta_regression",
  "n_chains": 10,
  "n_draws_per_chain": 1000,
  "parameters": [
    "alpha",
    "beta",
    "kappa"
  ],
  "source": "converted"
}