{
  "checks": {
    "ess_above_400": true,
    "nchains_is_gte_4": true,
    "ndraws_is_10k": true,
    "rhat_below_1_01": true
  },
  "diagnostics": {
    "alpha": {
      "ess_bulk": 10000.0,
      "ess_tail": 10000.0,
      "rhat": 1.0004287833893932
    },
    "beta[1]": {
      "ess_bulk": 10000.0,
      "ess_tail": 9769.808077330503,
      "rhat": 1.0001312757086143
    },
    "beta[2]": {
      "ess_bulk": 9249.249115669058,
      "ess_tail": 9965.688195370325,
      "rhat": 1.000152608681253
    },
    "beta[3]": {
      "ess_bulk": 10000.0,
      "ess_tail": 9525.95345753123,
      "rhat": 1.0003062723856537
    },
    "beta[4]": {
      "ess_bulk": 10000.0,
      "ess_tail": 9721.238814714457,
      "rhat": 0.9999787829992532
    },
    "beta[5]": {
      "ess_bulk": 10000.0,
      "ess_tail": 10000.0,
      "rhat": 1.00049319711252
    },
    "sigma": {
      "ess_bulk": 9580.443237348023,
      "ess_tail": 10000.0,
      "rhat": 1.0009321533918238
    }
  },
  "generated_date": "2026-02-09",
  "model": "arK-arK",
  "n_chains": 10,
  "n_draws_per_chain": 1000,
  "parameters": [
    "alpha",
    "beta[1]",
    "beta[2]",
    "beta[3]",
    "beta[4]",
    "beta[5]",
    "sigma"
  ],
  "source": "converted"
}