{
  "checks": {
    "ess_above_400": true,
    "nchains_is_gte_4": true,
    "ndraws_is_10k": true,
    "rhat_below_1_01": true
  },
  "diagnostics": {
    "a[10]": {
      "ess_bulk": 9724.869445511393,
      "ess_tail": 9812.606866338316,
      "rhat": 0.9996006516931852
    },
    "a[11]": {
      "ess_bulk": 10000.0,
      "ess_tail": 9840.886615333258,
      "rhat": 0.9999535357399079
    },
    "a[12]": {
      "ess_bulk": 10000.0,
      "ess_tail": 10000.0,
      "rhat": 1.00017234517503
    },
    "a[1]": {
      "ess_bulk": 9891.563560157716,
      "ess_tail": 9190.775212733468,
      "rhat": 1.0001449170584833
    },
    "a[2]": {
      "ess_bulk": 9911.776343085889,
      "ess_tail": 9832.59870276302,
      "rhat": 1.0007651507309636
    },
    "a[3]": {
      "ess_bulk": 9541.927414219752,
      "ess_tail": 10000.0,
      "rhat": 1.0005223853665044
    },
    "a[4]": {
      "ess_bulk": 10000.0,
      "ess_tail": 9700.642718440578,
      "rhat": 0.9999726379335685
    },
    "a[5]": {
      "ess_bulk": 10000.0,
      "ess_tail": 10000.0,
      "rhat": 1.001267265357465
    },
    "a[6]": {
      "ess_bulk": 9701.236895983406,
      "ess_tail": 10000.0,
      "rhat": 0.9997452340179834
    },
    "a[7]": {
      "ess_bulk": 9958.283114893758,
      "ess_tail": 9782.136348244494,
      "rhat": 1.0004461703030156
    },
    "a[8]": {
      "ess_bulk": 9915.730867822298,
      "ess_tail": 10000.0,
      "rhat": 0.9994526831916312
    },
    "a[9]": {
      "ess_bulk": 9839.576060619544,
      "ess_tail": 10000.0,
      "rhat": 1.000027309888709
    },
    "a_raw[10]": {
      "ess_bulk": 9734.664637349759,
      "ess_tail": 9789.188913348225,
      "rhat": 0.9998472237566821
    },
    "a_raw[11]": {
      "ess_bulk": 10000.0,
      "ess_tail": 10000.0,
      "rhat": 1.0002553117133024
    },
    "a_raw[12]": {
      "ess_bulk": 10000.0,
      "ess_tail": 10000.0,
      "rhat": 1.0000652321250878
    },
    "a_raw[1]": {
      "ess_bulk": 10000.0,
      "ess_tail": 9848.149810023971,
      "rhat": 1.0001706019766836
    },
    "a_raw[2]": {
      "ess_bulk": 10000.0,
      "ess_tail": 10000.0,
      "rhat": 1.000336629955043
    },
    "a_raw[3]": {
      "ess_bulk": 10000.0,
      "ess_tail": 9766.25891749924,
      "rhat": 0.9999693603916053
    },
    "a_raw[4]": {
      "ess_bulk": 10000.0,
      "ess_tail": 9488.099735454705,
      "rhat": 0.9999979641483241
    },
    "a_raw[5]": {
      "ess_bulk": 9792.750150997048,
      "ess_tail": 10000.0,
      "rhat": 1.0001752601349836
    },
    "a_raw[6]": {
      "ess_bulk": 9979.124188623477,
      "ess_tail": 9579.747623975425,
      "rhat": 1.0002244182009168
    },
    "a_raw[7]": {
      "ess_bulk": 9799.778831567712,
      "ess_tail": 9905.686703176749,
      "rhat": 1.0002765411923675
    },
    "a_raw[8]": {
      "ess_bulk": 10000.0,
      "ess_tail": 9660.31116326275,
      "rhat": 0.9998039407565756
    },
    "a_raw[9]": {
      "ess_bulk": 9879.220791035857,
      "ess_tail": 9662.803958379056,
      "rhat": 1.0001292651507645
    },
    "b[10]": {
      "ess_bulk": 10000.0,
      "ess_tail": 9947.748153151775,
      "rhat": 1.000082156609863
    },
    "b[11]": {
      "ess_bulk": 9923.025364005656,
      "ess_tail": 9683.782202615224,
      "rhat": 0.9999174445600965
    },
    "b[12]": {
      "ess_bulk": 10000.0,
      "ess_tail": 10000.0,
      "rhat": 0.9999159364988353
    },
    "b[1]": {
      "ess_bulk": 10000.0,
      "ess_tail": 9812.54073572548,
      "rhat": 0.9999516032934669
    },
    "b[2]": {
      "ess_bulk": 10000.0,
      "ess_tail": 10000.0,
      "rhat": 0.9999619301517069
    },
    "b[3]": {
      "ess_bulk": 10000.0,
      "ess_tail": 9964.23923535166,
      "rhat": 0.9999906203935527
    },
    "b[4]": {
      "ess_bulk": 10000.0,
      "ess_tail": 9732.38702923098,
      "rhat": 0.999821509695559
    },
    "b[5]": {
      "ess_bulk": 9921.00763401442,
      "ess_tail": 10000.0,
      "rhat": 1.0001016965334821
    },
    "b[6]": {
      "ess_bulk": 10000.0,
      "ess_tail": 9973.307872033116,
      "rhat": 0.999974615060547
    },
    "b[7]": {
      "ess_bulk": 10000.0,
      "ess_tail": 9845.200698568477,
      "rhat": 1.0000855436685112
    },
    "b[8]": {
      "ess_bulk": 9995.67298101031,
      "ess_tail": 9775.448013267402,
      "rhat": 0.9999860260543526
    },
    "b[9]": {
      "ess_bulk": 10000.0,
      "ess_tail": 10000.0,
      "rhat": 0.9998295352106735
    },
    "b_raw[10]": {
      "ess_bulk": 10000.0,
      "ess_tail": 10000.0,
      "rhat": 1.00028726901317
    },
    "b_raw[11]": {
      "ess_bulk": 10000.0,
      "ess_tail": 9719.653036927502,
      "rhat": 0.9997795922150188
    },
    "b_raw[12]": {
      "ess_bulk": 10000.0,
      "ess_tail": 10000.0,
      "rhat": 0.9999549901639799
    },
    "b_raw[1]": {
      "ess_bulk": 10000.0,
      "ess_tail": 10000.0,
      "rhat": 0.9999013727442819
    },
    "b_raw[2]": {
      "ess_bulk": 10000.0,
      "ess_tail": 9582.889858291215,
      "rhat": 1.0002811904695939
    },
    "b_raw[3]": {
      "ess_bulk": 10000.0,
      "ess_tail": 10000.0,
      "rhat": 1.0000153796055182
    },
    "b_raw[4]": {
      "ess_bulk": 10000.0,
      "ess_tail": 9951.505112526958,
      "rhat": 0.9999495308636982
    },
    "b_raw[5]": {
      "ess_bulk": 10000.0,
      "ess_tail": 10000.0,
      "rhat": 1.0000419204468214
    },
    "b_raw[6]": {
      "ess_bulk": 10000.0,
      "ess_tail": 9704.253099527637,
      "rhat": 1.0001440134396287
    },
    "b_raw[7]": {
      "ess_bulk": 10000.0,
      "ess_tail": 9914.965655318078,
      "rhat": 1.0001215679480635
    },
    "b_raw[8]": {
      "ess_bulk": 9915.099239949155,
      "ess_tail": 10000.0,
      "rhat": 0.9997413158278619
    },
    "b_raw[9]": {
      "ess_bulk": 10000.0,
      "ess_tail": 10000.0,
      "rhat": 0.9998585122798415
    },
    "mu_a": {
      "ess_bulk": 9867.1480806916,
      "ess_tail": 10000.0,
      "rhat": 1.0006667305518913
    },
    "mu_b": {
      "ess_bulk": 9945.337643790477,
      "ess_tail": 9823.64287674075,
      "rhat": 0.9996945342126498
    },
    "sigma_a": {
      "ess_bulk": 9608.42034276426,
      "ess_tail": 10000.0,
      "rhat": 1.0003756128822805
    },
    "sigma_b": {
      "ess_bulk": 9673.634684315903,
      "ess_tail": 9670.718350918889,
      "rhat": 0.9999675428086107
    }
  },
  "generated_date": "2026-02-22",
  "model": "bangladesh_contraceptive-noncentered",
  "n_chains": 10,
  "n_draws_per_chain": 1000,
  "parameters": [
    "a[10]",
    "a[11]",
    "a[12]",
    "a[1]",
    "a[2]",
    "a[3]",
    "a[4]",
    "a[5]",
    "a[6]",
    "a[7]",
    "a[8]",
    "a[9]",
    "a_raw[10]",
    "a_raw[11]",
    "a_raw[12]",
    "a_raw[1]",
    "a_raw[2]",
    "a_raw[3]",
    "a_raw[4]",
    "a_raw[5]",
    "a_raw[6]",
    "a_raw[7]",
    "a_raw[8]",
    "a_raw[9]",
    "b[10]",
    "b[11]",
    "b[12]",
    "b[1]",
    "b[2]",
    "b[3]",
    "b[4]",
    "b[5]",
    "b[6]",
    "b[7]",
    "b[8]",
    "b[9]",
    "b_raw[10]",
    "b_raw[11]",
    "b_raw[12]",
    "b_raw[1]",
    "b_raw[2]",
    "b_raw[3]",
    "b_raw[4]",
    "b_raw[5]",
    "b_raw[6]",
    "b_raw[7]",
    "b_raw[8]",
    "b_raw[9]",
    "mu_a",
    "mu_b",
    "sigma_a",
    "sigma_b"
  ],
  "source": "cmdstan-2.37.0"
}