{
  "checks": {
    "ess_above_400": true,
    "nchains_is_gte_4": true,
    "ndraws_is_10k": true,
    "rhat_below_1_01": true
  },
  "diagnostics": {
    "L_Rho[1,1]": {
      "ess_bulk": 10000.0,
      "ess_tail": 10000.0,
      "rhat": 1.0
    },
    "L_Rho[1,2]": {
      "ess_bulk": 10000.0,
      "ess_tail": 10000.0,
      "rhat": 1.0
    },
    "L_Rho[2,1]": {
      "ess_bulk": 10000.0,
      "ess_tail": 10000.0,
      "rhat": 1.000110999958007
    },
    "L_Rho[2,2]": {
      "ess_bulk": 10000.0,
      "ess_tail": 9988.933805242288,
      "rhat": 1.0001999569895863
    },
    "Rho[1,1]": {
      "ess_bulk": 10000.0,
      "ess_tail": 10000.0,
      "rhat": 1.0
    },
    "Rho[1,2]": {
      "ess_bulk": 10000.0,
      "ess_tail": 10000.0,
      "rhat": 1.000110999958007
    },
    "Rho[2,1]": {
      "ess_bulk": 10000.0,
      "ess_tail": 10000.0,
      "rhat": 1.000110999958007
    },
    "Rho[2,2]": {
      "ess_bulk": 10000.0,
      "ess_tail": 10000.0,
      "rhat": 1.0
    },
    "alpha_bar": {
      "ess_bulk": 9351.640221928457,
      "ess_tail": 10000.0,
      "rhat": 1.0002450220955816
    },
    "beta_bar": {
      "ess_bulk": 10000.0,
      "ess_tail": 9731.732472027225,
      "rhat": 1.0002873735705762
    },
    "sigma": {
      "ess_bulk": 10000.0,
      "ess_tail": 9254.046883145116,
      "rhat": 1.0002000729593237
    },
    "sigma_cafe[1]": {
      "ess_bulk": 9865.436905865781,
      "ess_tail": 10000.0,
      "rhat": 1.000487609843933
    },
    "sigma_cafe[2]": {
      "ess_bulk": 10000.0,
      "ess_tail": 10000.0,
      "rhat": 1.0001854084721584
    },
    "v[1,1]": {
      "ess_bulk": 9555.507533686097,
      "ess_tail": 9630.358176548945,
      "rhat": 1.0002017580582325
    },
    "v[1,2]": {
      "ess_bulk": 9629.80401724723,
      "ess_tail": 10000.0,
      "rhat": 1.0003859619301665
    },
    "v[10,1]": {
      "ess_bulk": 9469.148427612256,
      "ess_tail": 9321.578105672059,
      "rhat": 1.0000289061944536
    },
    "v[10,2]": {
      "ess_bulk": 10000.0,
      "ess_tail": 9909.799283611175,
      "rhat": 1.000103975342468
    },
    "v[2,1]": {
      "ess_bulk": 9477.236468258723,
      "ess_tail": 9353.072341494915,
      "rhat": 1.0014402359704475
    },
    "v[2,2]": {
      "ess_bulk": 10000.0,
      "ess_tail": 9729.227101434819,
      "rhat": 0.9999654103171384
    },
    "v[3,1]": {
      "ess_bulk": 9391.957479650628,
      "ess_tail": 10000.0,
      "rhat": 1.0006678995695473
    },
    "v[3,2]": {
      "ess_bulk": 9247.50154038847,
      "ess_tail": 9263.040660215036,
      "rhat": 1.0003183448553086
    },
    "v[4,1]": {
      "ess_bulk": 9175.929898370001,
      "ess_tail": 9895.58182952548,
      "rhat": 1.0004891245322156
    },
    "v[4,2]": {
      "ess_bulk": 9943.311573548179,
      "ess_tail": 9696.909476385237,
      "rhat": 0.9999068517379824
    },
    "v[5,1]": {
      "ess_bulk": 9288.541665115072,
      "ess_tail": 10000.0,
      "rhat": 1.000313643344695
    },
    "v[5,2]": {
      "ess_bulk": 10000.0,
      "ess_tail": 9834.574611764667,
      "rhat": 1.000409686595952
    },
    "v[6,1]": {
      "ess_bulk": 9374.847886366839,
      "ess_tail": 10000.0,
      "rhat": 1.0000980225084808
    },
    "v[6,2]": {
      "ess_bulk": 9758.619584045831,
      "ess_tail": 9869.2457845827,
      "rhat": 1.0004532099814225
    },
    "v[7,1]": {
      "ess_bulk": 9335.641491054195,
      "ess_tail": 10000.0,
      "rhat": 1.0004021418944267
    },
    "v[7,2]": {
      "ess_bulk": 10000.0,
      "ess_tail": 9980.7598845541,
      "rhat": 1.0000215075543328
    },
    "v[8,1]": {
      "ess_bulk": 9222.834674378248,
      "ess_tail": 9792.21949866688,
      "rhat": 1.0001059218217703
    },
    "v[8,2]": {
      "ess_bulk": 10000.0,
      "ess_tail": 10000.0,
      "rhat": 1.0010126204428966
    },
    "v[9,1]": {
      "ess_bulk": 9369.904047551121,
      "ess_tail": 10000.0,
      "rhat": 1.0004043427552973
    },
    "v[9,2]": {
      "ess_bulk": 10000.0,
      "ess_tail": 9403.718487144743,
      "rhat": 0.9999825339585791
    },
    "z[1,1]": {
      "ess_bulk": 9523.540828788351,
      "ess_tail": 9665.75937200621,
      "rhat": 1.0003806883095934
    },
    "z[1,2]": {
      "ess_bulk": 10000.0,
      "ess_tail": 10000.0,
      "rhat": 1.0001167571140417
    },
    "z[10,1]": {
      "ess_bulk": 9321.595815541423,
      "ess_tail": 10000.0,
      "rhat": 1.0002045149713379
    },
    "z[10,2]": {
      "ess_bulk": 9860.899954159328,
      "ess_tail": 9333.296259814215,
      "rhat": 0.9999736526928207
    },
    "z[2,1]": {
      "ess_bulk": 9540.64630713554,
      "ess_tail": 9438.594512295655,
      "rhat": 1.0007709429974745
    },
    "z[2,2]": {
      "ess_bulk": 10000.0,
      "ess_tail": 10000.0,
      "rhat": 1.000063658708031
    },
    "z[3,1]": {
      "ess_bulk": 9734.393905622512,
      "ess_tail": 10000.0,
      "rhat": 1.0003400425440392
    },
    "z[3,2]": {
      "ess_bulk": 9985.383693595082,
      "ess_tail": 10000.0,
      "rhat": 0.9999862742239344
    },
    "z[4,1]": {
      "ess_bulk": 9186.165957703608,
      "ess_tail": 10000.0,
      "rhat": 1.0003023603704098
    },
    "z[4,2]": {
      "ess_bulk": 9866.53982860511,
      "ess_tail": 9905.37700065311,
      "rhat": 0.9997732334788966
    },
    "z[5,1]": {
      "ess_bulk": 9518.611710974768,
      "ess_tail": 10000.0,
      "rhat": 1.0004788116166958
    },
    "z[5,2]": {
      "ess_bulk": 10000.0,
      "ess_tail": 9797.273525104154,
      "rhat": 1.0003707846115222
    },
    "z[6,1]": {
      "ess_bulk": 9265.242083287476,
      "ess_tail": 10000.0,
      "rhat": 1.0001634294040167
    },
    "z[6,2]": {
      "ess_bulk": 9862.161851469966,
      "ess_tail": 9968.66550473156,
      "rhat": 0.9998577393496407
    },
    "z[7,1]": {
      "ess_bulk": 9703.570405407327,
      "ess_tail": 10000.0,
      "rhat": 1.000413384147238
    },
    "z[7,2]": {
      "ess_bulk": 9595.454218033823,
      "ess_tail": 9759.353592458168,
      "rhat": 1.00010495746595
    },
    "z[8,1]": {
      "ess_bulk": 9292.623828328333,
      "ess_tail": 10000.0,
      "rhat": 1.000131955479809
    },
    "z[8,2]": {
      "ess_bulk": 10000.0,
      "ess_tail": 9843.279704862436,
      "rhat": 1.000200423001663
    },
    "z[9,1]": {
      "ess_bulk": 9874.023081817104,
      "ess_tail": 9328.151737492071,
      "rhat": 1.0004424415254858
    },
    "z[9,2]": {
      "ess_bulk": 10000.0,
      "ess_tail": 10000.0,
      "rhat": 0.9996210838612805
    }
  },
  "generated_date": "2026-02-09",
  "model": "cafe-multivariate_normal",
  "n_chains": 10,
  "n_draws_per_chain": 1000,
  "parameters": [
    "L_Rho[1,1]",
    "L_Rho[1,2]",
    "L_Rho[2,1]",
    "L_Rho[2,2]",
    "Rho[1,1]",
    "Rho[1,2]",
    "Rho[2,1]",
    "Rho[2,2]",
    "alpha_bar",
    "beta_bar",
    "sigma",
    "sigma_cafe[1]",
    "sigma_cafe[2]",
    "v[1,1]",
    "v[1,2]",
    "v[10,1]",
    "v[10,2]",
    "v[2,1]",
    "v[2,2]",
    "v[3,1]",
    "v[3,2]",
    "v[4,1]",
    "v[4,2]",
    "v[5,1]",
    "v[5,2]",
    "v[6,1]",
    "v[6,2]",
    "v[7,1]",
    "v[7,2]",
    "v[8,1]",
    "v[8,2]",
    "v[9,1]",
    "v[9,2]",
    "z[1,1]",
    "z[1,2]",
    "z[10,1]",
    "z[10,2]",
    "z[2,1]",
    "z[2,2]",
    "z[3,1]",
    "z[3,2]",
    "z[4,1]",
    "z[4,2]",
    "z[5,1]",
    "z[5,2]",
    "z[6,1]",
    "z[6,2]",
    "z[7,1]",
    "z[7,2]",
    "z[8,1]",
    "z[8,2]",
    "z[9,1]",
    "z[9,2]"
  ],
  "source": "converted"
}