{
  "checks": {
    "ess_above_400": true,
    "nchains_is_gte_4": true,
    "ndraws_is_10k": true,
    "rhat_below_1_01": true
  },
  "diagnostics": {
    "alpha[1]": {
      "ess_bulk": 7645.58572485211,
      "ess_tail": 7584.502660955382,
      "rhat": 1.0001764084830438
    },
    "alpha[2]": {
      "ess_bulk": 5112.762526418283,
      "ess_tail": 7483.400708479785,
      "rhat": 1.0029003395187437
    },
    "alpha[3]": {
      "ess_bulk": 5605.230451367013,
      "ess_tail": 3509.107887395326,
      "rhat": 1.0049393558158597
    },
    "alpha[4]": {
      "ess_bulk": 7933.287867493966,
      "ess_tail": 8013.569972261308,
      "rhat": 1.0014371836924771
    },
    "alpha[5]": {
      "ess_bulk": 8011.140072008603,
      "ess_tail": 7834.713058766741,
      "rhat": 1.0008885267070213
    },
    "alpha[6]": {
      "ess_bulk": 6304.362593746993,
      "ess_tail": 6267.071576556691,
      "rhat": 1.003149640625607
    },
    "alpha[7]": {
      "ess_bulk": 6896.66569991614,
      "ess_tail": 7597.40013971872,
      "rhat": 1.0011058218795474
    },
    "alpha_bar": {
      "ess_bulk": 7221.024633608699,
      "ess_tail": 7049.791567981707,
      "rhat": 1.0011812054012545
    },
    "beta[1]": {
      "ess_bulk": 2915.8130067043944,
      "ess_tail": 6447.546904599686,
      "rhat": 1.0025699398723051
    },
    "beta[2]": {
      "ess_bulk": 5481.258863392839,
      "ess_tail": 5631.55013081787,
      "rhat": 1.0016126061009052
    },
    "beta[3]": {
      "ess_bulk": 7178.649532240859,
      "ess_tail": 5363.0987090882745,
      "rhat": 1.0011110691605203
    },
    "beta[4]": {
      "ess_bulk": 4859.624322632007,
      "ess_tail": 6604.83674066359,
      "rhat": 1.0012541202481564
    },
    "beta[5]": {
      "ess_bulk": 6078.103392207862,
      "ess_tail": 5303.194228959447,
      "rhat": 1.001496075467974
    },
    "beta[6]": {
      "ess_bulk": 6981.606366990994,
      "ess_tail": 7764.11588376849,
      "rhat": 1.0005231546634188
    },
    "beta[7]": {
      "ess_bulk": 3882.625601933006,
      "ess_tail": 4135.897324220812,
      "rhat": 1.001374773416111
    },
    "beta_bar": {
      "ess_bulk": 2933.171684957914,
      "ess_tail": 2325.47115683912,
      "rhat": 1.0053778829101612
    },
    "gamma[1]": {
      "ess_bulk": 8173.327613076439,
      "ess_tail": 6506.207204294281,
      "rhat": 1.0016777066862976
    },
    "gamma[2]": {
      "ess_bulk": 9005.995473326635,
      "ess_tail": 7908.317524142537,
      "rhat": 1.002079061517433
    },
    "sigma_alpha": {
      "ess_bulk": 3012.108189961207,
      "ess_tail": 2873.509243095053,
      "rhat": 1.0056989861784162
    },
    "sigma_beta": {
      "ess_bulk": 1186.6033298199827,
      "ess_tail": 5478.529892971154,
      "rhat": 1.0091945690543398
    },
    "sigma_gamma": {
      "ess_bulk": 5403.532398085605,
      "ess_tail": 6260.08699350404,
      "rhat": 1.0009998443802024
    }
  },
  "generated_date": "2026-02-09",
  "model": "chimpanzees-multilevel_varying_slopes",
  "n_chains": 10,
  "n_draws_per_chain": 1000,
  "parameters": [
    "alpha[1]",
    "alpha[2]",
    "alpha[3]",
    "alpha[4]",
    "alpha[5]",
    "alpha[6]",
    "alpha[7]",
    "alpha_bar",
    "beta[1]",
    "beta[2]",
    "beta[3]",
    "beta[4]",
    "beta[5]",
    "beta[6]",
    "beta[7]",
    "beta_bar",
    "gamma[1]",
    "gamma[2]",
    "sigma_alpha",
    "sigma_beta",
    "sigma_gamma"
  ],
  "source": "converted"
}