{
  "checks": {
    "ess_above_400": true,
    "nchains_is_gte_4": true,
    "ndraws_is_10k": true,
    "rhat_below_1_01": true
  },
  "diagnostics": {
    "Intercept": {
      "ess_bulk": 9947.633064069942,
      "ess_tail": 9654.344750146141,
      "rhat": 1.0001754512916656
    },
    "b[10]": {
      "ess_bulk": 10000.0,
      "ess_tail": 9715.585167144267,
      "rhat": 1.0000314934588825
    },
    "b[11]": {
      "ess_bulk": 9945.670584395315,
      "ess_tail": 9779.296974176441,
      "rhat": 0.9997827114662239
    },
    "b[12]": {
      "ess_bulk": 10000.0,
      "ess_tail": 10000.0,
      "rhat": 1.0007252694005833
    },
    "b[13]": {
      "ess_bulk": 9860.44860432109,
      "ess_tail": 9665.45938311434,
      "rhat": 0.9998284484780537
    },
    "b[14]": {
      "ess_bulk": 9593.333966786997,
      "ess_tail": 10000.0,
      "rhat": 1.0000283628668585
    },
    "b[15]": {
      "ess_bulk": 9912.206179804667,
      "ess_tail": 10000.0,
      "rhat": 1.0005353924878335
    },
    "b[16]": {
      "ess_bulk": 9503.013534877977,
      "ess_tail": 9595.110477804543,
      "rhat": 1.0000927981649608
    },
    "b[17]": {
      "ess_bulk": 10000.0,
      "ess_tail": 9228.386734230315,
      "rhat": 1.0001599716585623
    },
    "b[18]": {
      "ess_bulk": 10000.0,
      "ess_tail": 9969.720390220104,
      "rhat": 1.000239399341499
    },
    "b[19]": {
      "ess_bulk": 9890.446895186702,
      "ess_tail": 10000.0,
      "rhat": 1.000236858340667
    },
    "b[1]": {
      "ess_bulk": 9829.225438841331,
      "ess_tail": 10000.0,
      "rhat": 1.0002076509393127
    },
    "b[20]": {
      "ess_bulk": 10000.0,
      "ess_tail": 9946.163339554541,
      "rhat": 0.9999822328446071
    },
    "b[21]": {
      "ess_bulk": 10000.0,
      "ess_tail": 9875.246062238224,
      "rhat": 0.9999170919905234
    },
    "b[22]": {
      "ess_bulk": 9975.559000456606,
      "ess_tail": 10000.0,
      "rhat": 1.0000863761081429
    },
    "b[23]": {
      "ess_bulk": 9978.36434194273,
      "ess_tail": 10000.0,
      "rhat": 1.0006320645773288
    },
    "b[24]": {
      "ess_bulk": 10000.0,
      "ess_tail": 10000.0,
      "rhat": 0.9997708205883375
    },
    "b[2]": {
      "ess_bulk": 10000.0,
      "ess_tail": 10000.0,
      "rhat": 1.0001543166155056
    },
    "b[3]": {
      "ess_bulk": 10000.0,
      "ess_tail": 10000.0,
      "rhat": 1.000275245382498
    },
    "b[4]": {
      "ess_bulk": 10000.0,
      "ess_tail": 10000.0,
      "rhat": 1.0005950894172195
    },
    "b[5]": {
      "ess_bulk": 10000.0,
      "ess_tail": 9652.65481102363,
      "rhat": 0.9995837611598389
    },
    "b[6]": {
      "ess_bulk": 9717.162138826565,
      "ess_tail": 10000.0,
      "rhat": 0.9999709890296442
    },
    "b[7]": {
      "ess_bulk": 9401.650491877781,
      "ess_tail": 10000.0,
      "rhat": 1.000036024394907
    },
    "b[8]": {
      "ess_bulk": 10000.0,
      "ess_tail": 9892.322135205144,
      "rhat": 0.999782226517951
    },
    "b[9]": {
      "ess_bulk": 9869.871769708094,
      "ess_tail": 10000.0,
      "rhat": 1.0004162271121
    },
    "sigma": {
      "ess_bulk": 10000.0,
      "ess_tail": 10000.0,
      "rhat": 1.0001338475983867
    }
  },
  "generated_date": "2026-02-09",
  "model": "diamonds-diamonds",
  "n_chains": 10,
  "n_draws_per_chain": 1000,
  "parameters": [
    "Intercept",
    "b[10]",
    "b[11]",
    "b[12]",
    "b[13]",
    "b[14]",
    "b[15]",
    "b[16]",
    "b[17]",
    "b[18]",
    "b[19]",
    "b[1]",
    "b[20]",
    "b[21]",
    "b[22]",
    "b[23]",
    "b[24]",
    "b[2]",
    "b[3]",
    "b[4]",
    "b[5]",
    "b[6]",
    "b[7]",
    "b[8]",
    "b[9]",
    "sigma"
  ],
  "source": "converted"
}