{
  "checks": {
    "ess_above_400": true,
    "nchains_is_gte_4": true,
    "ndraws_is_10k": true,
    "rhat_below_1_01": true
  },
  "diagnostics": {
    "U3": {
      "ess_bulk": 4741.237621902543,
      "ess_tail": 4859.886977294611,
      "rhat": 1.0013521911899408
    },
    "alpha": {
      "ess_bulk": 5931.202146579067,
      "ess_tail": 5018.620719869819,
      "rhat": 1.000651002068276
    },
    "beta": {
      "ess_bulk": 4900.216050805813,
      "ess_tail": 4905.720750779995,
      "rhat": 1.001078700748209
    },
    "lambda": {
      "ess_bulk": 6399.941759346358,
      "ess_tail": 5914.227253683609,
      "rhat": 1.0002992506993738
    },
    "mu[10]": {
      "ess_bulk": 7869.822316926142,
      "ess_tail": 6384.619225881829,
      "rhat": 1.0000921542545487
    },
    "mu[11]": {
      "ess_bulk": 8069.956654276009,
      "ess_tail": 6365.4746920668695,
      "rhat": 1.0000616271153835
    },
    "mu[12]": {
      "ess_bulk": 8316.566907664384,
      "ess_tail": 6473.153328125126,
      "rhat": 1.0000408625411656
    },
    "mu[13]": {
      "ess_bulk": 8578.128180109858,
      "ess_tail": 6254.691016491605,
      "rhat": 1.0000204079383448
    },
    "mu[14]": {
      "ess_bulk": 8834.297626621597,
      "ess_tail": 6129.873065326824,
      "rhat": 1.0000055159647738
    },
    "mu[15]": {
      "ess_bulk": 9041.917185672884,
      "ess_tail": 6005.659119578012,
      "rhat": 1.0000481534859338
    },
    "mu[16]": {
      "ess_bulk": 9137.04123578467,
      "ess_tail": 5800.721796997711,
      "rhat": 1.0000063242981514
    },
    "mu[17]": {
      "ess_bulk": 9094.30097770587,
      "ess_tail": 5893.318295172997,
      "rhat": 1.000068864083858
    },
    "mu[18]": {
      "ess_bulk": 8906.059514352206,
      "ess_tail": 5995.2546963766845,
      "rhat": 1.0000883909236549
    },
    "mu[19]": {
      "ess_bulk": 8617.987640585383,
      "ess_tail": 5996.356777445516,
      "rhat": 1.000065554610242
    },
    "mu[1]": {
      "ess_bulk": 9338.749286331105,
      "ess_tail": 5569.4951992634815,
      "rhat": 1.0005247172929137
    },
    "mu[20]": {
      "ess_bulk": 7659.526583184999,
      "ess_tail": 5993.037355252095,
      "rhat": 1.000102030398762
    },
    "mu[21]": {
      "ess_bulk": 7344.560289787458,
      "ess_tail": 6148.987340677229,
      "rhat": 1.0001506946995566
    },
    "mu[22]": {
      "ess_bulk": 7032.97803936556,
      "ess_tail": 6320.553072806848,
      "rhat": 1.000188400383054
    },
    "mu[23]": {
      "ess_bulk": 6758.7583832934,
      "ess_tail": 6329.98704403715,
      "rhat": 1.000224238291365
    },
    "mu[24]": {
      "ess_bulk": 6519.795801974647,
      "ess_tail": 6345.8555491478155,
      "rhat": 1.0002608615515167
    },
    "mu[25]": {
      "ess_bulk": 6321.406087769392,
      "ess_tail": 6528.208127972558,
      "rhat": 1.0002864935698317
    },
    "mu[26]": {
      "ess_bulk": 6167.8126943034495,
      "ess_tail": 6501.072533817864,
      "rhat": 1.0003130458628908
    },
    "mu[27]": {
      "ess_bulk": 6041.312923919057,
      "ess_tail": 6431.4491293622705,
      "rhat": 1.0003298901978155
    },
    "mu[2]": {
      "ess_bulk": 9372.04333917232,
      "ess_tail": 5778.5021079197795,
      "rhat": 1.0004112067212168
    },
    "mu[3]": {
      "ess_bulk": 9243.325462156758,
      "ess_tail": 6153.174713618363,
      "rhat": 1.000406180233102
    },
    "mu[4]": {
      "ess_bulk": 8878.021950675453,
      "ess_tail": 6556.1428464898945,
      "rhat": 1.0003842212115033
    },
    "mu[5]": {
      "ess_bulk": 8396.897669457307,
      "ess_tail": 7225.482731122166,
      "rhat": 1.0003337554905807
    },
    "mu[6]": {
      "ess_bulk": 8000.110211380989,
      "ess_tail": 7072.378423441613,
      "rhat": 1.0002752677886764
    },
    "mu[7]": {
      "ess_bulk": 7756.235748470507,
      "ess_tail": 6828.205087970939,
      "rhat": 1.0002093536948784
    },
    "mu[8]": {
      "ess_bulk": 7678.494601233719,
      "ess_tail": 6389.577282891386,
      "rhat": 1.0001581222848086
    },
    "mu[9]": {
      "ess_bulk": 7728.036103814992,
      "ess_tail": 6423.626480514341,
      "rhat": 1.0001201987995612
    },
    "sigma": {
      "ess_bulk": 7222.12110237276,
      "ess_tail": 5561.820744353842,
      "rhat": 1.0000055942905193
    },
    "tau": {
      "ess_bulk": 7459.770768967912,
      "ess_tail": 5655.014801571817,
      "rhat": 1.0005151677117095
    }
  },
  "generated_date": "2026-02-21",
  "model": "dugongs",
  "n_chains": 4,
  "n_draws_per_chain": 2500,
  "parameters": [
    "U3",
    "alpha",
    "beta",
    "lambda",
    "mu[10]",
    "mu[11]",
    "mu[12]",
    "mu[13]",
    "mu[14]",
    "mu[15]",
    "mu[16]",
    "mu[17]",
    "mu[18]",
    "mu[19]",
    "mu[1]",
    "mu[20]",
    "mu[21]",
    "mu[22]",
    "mu[23]",
    "mu[24]",
    "mu[25]",
    "mu[26]",
    "mu[27]",
    "mu[2]",
    "mu[3]",
    "mu[4]",
    "mu[5]",
    "mu[6]",
    "mu[7]",
    "mu[8]",
    "mu[9]",
    "sigma",
    "tau"
  ],
  "source": "converted"
}