{
  "checks": {
    "ess_above_400": true,
    "nchains_is_gte_4": true,
    "ndraws_is_10k": true,
    "rhat_below_1_01": true
  },
  "diagnostics": {
    "beta[1]": {
      "ess_bulk": 9379.717175761229,
      "ess_tail": 9668.347766235125,
      "rhat": 1.0005705352679828
    },
    "beta[2]": {
      "ess_bulk": 9382.7291816052,
      "ess_tail": 9701.534825577286,
      "rhat": 1.0007304554664407
    },
    "sigma": {
      "ess_bulk": 9964.655825779559,
      "ess_tail": 10000.0,
      "rhat": 1.0007090659073077
    }
  },
  "generated_date": "2026-02-09",
  "model": "earnings-earn_height",
  "n_chains": 10,
  "n_draws_per_chain": 1000,
  "parameters": [
    "beta[1]",
    "beta[2]",
    "sigma"
  ],
  "source": "converted"
}