{
  "checks": {
    "ess_above_400": true,
    "nchains_is_gte_4": true,
    "ndraws_is_10k": true,
    "rhat_below_1_01": true
  },
  "diagnostics": {
    "alpha": {
      "ess_bulk": 10000.0,
      "ess_tail": 10000.0,
      "rhat": 1.0008865923042516
    },
    "beta": {
      "ess_bulk": 9934.575301156568,
      "ess_tail": 9753.412965528807,
      "rhat": 1.0000388673275302
    },
    "nu": {
      "ess_bulk": 9620.000482704127,
      "ess_tail": 10000.0,
      "rhat": 1.0004791908686064
    },
    "sigma": {
      "ess_bulk": 9992.134363239034,
      "ess_tail": 10000.0,
      "rhat": 1.0004526344372067
    }
  },
  "generated_date": "2026-02-09",
  "model": "earnings-robust_regression",
  "n_chains": 10,
  "n_draws_per_chain": 1000,
  "parameters": [
    "alpha",
    "beta",
    "nu",
    "sigma"
  ],
  "source": "converted"
}