{
  "checks": {
    "ess_above_400": true,
    "nchains_is_gte_4": true,
    "ndraws_is_10k": true,
    "rhat_below_1_01": true
  },
  "diagnostics": {
    "beta[1]": {
      "ess_bulk": 10000.0,
      "ess_tail": 10000.0,
      "rhat": 0.9999144199781622
    },
    "beta[2]": {
      "ess_bulk": 10000.0,
      "ess_tail": 10000.0,
      "rhat": 0.9999112288744111
    },
    "beta[3]": {
      "ess_bulk": 10000.0,
      "ess_tail": 9890.570339546452,
      "rhat": 1.000279091027787
    },
    "sigma": {
      "ess_bulk": 9512.080453342018,
      "ess_tail": 10000.0,
      "rhat": 1.0003432370167156
    }
  },
  "generated_date": "2026-02-09",
  "model": "earnings-logearn_height_male",
  "n_chains": 10,
  "n_draws_per_chain": 1000,
  "parameters": [
    "beta[1]",
    "beta[2]",
    "beta[3]",
    "sigma"
  ],
  "source": "converted"
}