{
  "checks": {
    "ess_above_400": true,
    "nchains_is_gte_4": true,
    "ndraws_is_10k": true,
    "rhat_below_1_01": true
  },
  "diagnostics": {
    "alpha": {
      "ess_bulk": 9960.20626688266,
      "ess_tail": 10000.0,
      "rhat": 1.0008864309516627
    },
    "f[10]": {
      "ess_bulk": 9989.884125343773,
      "ess_tail": 10000.0,
      "rhat": 1.0001344937152647
    },
    "f[11]": {
      "ess_bulk": 9746.384045370822,
      "ess_tail": 10000.0,
      "rhat": 1.0001317865798856
    },
    "f[1]": {
      "ess_bulk": 10000.0,
      "ess_tail": 10000.0,
      "rhat": 1.0000525738897963
    },
    "f[2]": {
      "ess_bulk": 10000.0,
      "ess_tail": 9872.636949755752,
      "rhat": 1.000370863899071
    },
    "f[3]": {
      "ess_bulk": 9937.888441710355,
      "ess_tail": 10000.0,
      "rhat": 1.0004300574218596
    },
    "f[4]": {
      "ess_bulk": 10000.0,
      "ess_tail": 9891.924269830486,
      "rhat": 1.0000366575854898
    },
    "f[5]": {
      "ess_bulk": 10000.0,
      "ess_tail": 9651.423698347258,
      "rhat": 1.0000324304224213
    },
    "f[6]": {
      "ess_bulk": 10000.0,
      "ess_tail": 9925.705761036863,
      "rhat": 1.0002438885716263
    },
    "f[7]": {
      "ess_bulk": 9916.522845658086,
      "ess_tail": 9655.611798366017,
      "rhat": 0.999645975318898
    },
    "f[8]": {
      "ess_bulk": 10000.0,
      "ess_tail": 9693.345662540169,
      "rhat": 1.0002530505319063
    },
    "f[9]": {
      "ess_bulk": 9520.20777502004,
      "ess_tail": 9812.069149872013,
      "rhat": 1.0003941755213168
    },
    "rho": {
      "ess_bulk": 10000.0,
      "ess_tail": 9750.283550978753,
      "rhat": 1.0007275089039482
    }
  },
  "generated_date": "2026-02-09",
  "model": "gp_pois_regr-gp_pois_regr",
  "n_chains": 10,
  "n_draws_per_chain": 1000,
  "parameters": [
    "alpha",
    "f[10]",
    "f[11]",
    "f[1]",
    "f[2]",
    "f[3]",
    "f[4]",
    "f[5]",
    "f[6]",
    "f[7]",
    "f[8]",
    "f[9]",
    "rho"
  ],
  "source": "converted"
}