{
  "checks": {
    "ess_above_400": true,
    "nchains_is_gte_4": true,
    "ndraws_is_10k": true,
    "rhat_below_1_01": true
  },
  "diagnostics": {
    "beta[1]": {
      "ess_bulk": 9530.693595245823,
      "ess_tail": 10000.0,
      "rhat": 0.9998893950281436
    },
    "beta[2]": {
      "ess_bulk": 9601.152916686518,
      "ess_tail": 10000.0,
      "rhat": 1.000089796928974
    },
    "sigma": {
      "ess_bulk": 9540.22911938306,
      "ess_tail": 9747.74283822508,
      "rhat": 0.9999718152467951
    }
  },
  "generated_date": "2026-02-09",
  "model": "kidiq-kidscore_momiq",
  "n_chains": 10,
  "n_draws_per_chain": 1000,
  "parameters": [
    "beta[1]",
    "beta[2]",
    "sigma"
  ],
  "source": "converted"
}