{
  "checks": {
    "ess_above_400": true,
    "nchains_is_gte_4": true,
    "ndraws_is_10k": true,
    "rhat_below_1_01": true
  },
  "diagnostics": {
    "Intercept": {
      "ess_bulk": 9928.10772825551,
      "ess_tail": 9752.723763555778,
      "rhat": 1.0000333464820657
    },
    "Intercept_sigma": {
      "ess_bulk": 9591.318425836778,
      "ess_tail": 9673.06362572426,
      "rhat": 0.9998983938135209
    },
    "lscale_1": {
      "ess_bulk": 10000.0,
      "ess_tail": 9675.815852257168,
      "rhat": 1.0001254383145015
    },
    "lscale_sigma_1": {
      "ess_bulk": 9521.26791378511,
      "ess_tail": 10000.0,
      "rhat": 1.0001144020491817
    },
    "sdgp_1": {
      "ess_bulk": 10000.0,
      "ess_tail": 10000.0,
      "rhat": 0.9996489921933922
    },
    "sdgp_sigma_1": {
      "ess_bulk": 9612.965219531025,
      "ess_tail": 9915.921300850234,
      "rhat": 1.0002873316137748
    },
    "zgp_1[10]": {
      "ess_bulk": 10000.0,
      "ess_tail": 10000.0,
      "rhat": 1.0001302117032185
    },
    "zgp_1[11]": {
      "ess_bulk": 10000.0,
      "ess_tail": 9554.50909958719,
      "rhat": 1.0000522626024972
    },
    "zgp_1[12]": {
      "ess_bulk": 9868.611768582678,
      "ess_tail": 9716.258142902645,
      "rhat": 1.0002193277845095
    },
    "zgp_1[13]": {
      "ess_bulk": 9691.696575496951,
      "ess_tail": 9835.642418430783,
      "rhat": 1.0005692231866503
    },
    "zgp_1[14]": {
      "ess_bulk": 9840.506844398053,
      "ess_tail": 9077.520653817108,
      "rhat": 0.9997540433426311
    },
    "zgp_1[15]": {
      "ess_bulk": 9795.951164602815,
      "ess_tail": 9773.634110661396,
      "rhat": 1.000403336326693
    },
    "zgp_1[16]": {
      "ess_bulk": 10000.0,
      "ess_tail": 10000.0,
      "rhat": 1.0001417693222794
    },
    "zgp_1[17]": {
      "ess_bulk": 9863.391230412337,
      "ess_tail": 9985.436964453802,
      "rhat": 1.0005745292214523
    },
    "zgp_1[18]": {
      "ess_bulk": 9955.35243014212,
      "ess_tail": 10000.0,
      "rhat": 1.0008593434038444
    },
    "zgp_1[19]": {
      "ess_bulk": 9774.96046726317,
      "ess_tail": 10000.0,
      "rhat": 1.000728506032546
    },
    "zgp_1[1]": {
      "ess_bulk": 9739.336619945498,
      "ess_tail": 9867.561586852673,
      "rhat": 1.0000101375298713
    },
    "zgp_1[20]": {
      "ess_bulk": 10000.0,
      "ess_tail": 10000.0,
      "rhat": 0.9999630314588699
    },
    "zgp_1[21]": {
      "ess_bulk": 9539.226475524054,
      "ess_tail": 9643.829337637824,
      "rhat": 0.9996976262819188
    },
    "zgp_1[22]": {
      "ess_bulk": 9676.301915141268,
      "ess_tail": 9827.20525052405,
      "rhat": 1.000891283301181
    },
    "zgp_1[23]": {
      "ess_bulk": 9781.910545948343,
      "ess_tail": 9927.319882268934,
      "rhat": 1.000081139324989
    },
    "zgp_1[24]": {
      "ess_bulk": 9580.908572676277,
      "ess_tail": 10000.0,
      "rhat": 1.0005687070941172
    },
    "zgp_1[25]": {
      "ess_bulk": 10000.0,
      "ess_tail": 10000.0,
      "rhat": 0.9999590985305862
    },
    "zgp_1[26]": {
      "ess_bulk": 9670.298000926532,
      "ess_tail": 9972.280403510522,
      "rhat": 1.0004636623456447
    },
    "zgp_1[27]": {
      "ess_bulk": 9461.55096356702,
      "ess_tail": 9279.411707105477,
      "rhat": 0.9999645583354733
    },
    "zgp_1[28]": {
      "ess_bulk": 10000.0,
      "ess_tail": 9848.678336050607,
      "rhat": 0.9997527330538916
    },
    "zgp_1[29]": {
      "ess_bulk": 9935.849400191517,
      "ess_tail": 10000.0,
      "rhat": 1.0002460741789572
    },
    "zgp_1[2]": {
      "ess_bulk": 9915.162476974161,
      "ess_tail": 9928.730396505809,
      "rhat": 1.0002324479846785
    },
    "zgp_1[30]": {
      "ess_bulk": 10000.0,
      "ess_tail": 10000.0,
      "rhat": 0.9999588320011797
    },
    "zgp_1[31]": {
      "ess_bulk": 9767.186882020122,
      "ess_tail": 10000.0,
      "rhat": 1.0005197088195175
    },
    "zgp_1[32]": {
      "ess_bulk": 9915.307192347333,
      "ess_tail": 10000.0,
      "rhat": 1.0002969553520087
    },
    "zgp_1[33]": {
      "ess_bulk": 10000.0,
      "ess_tail": 9505.041655075396,
      "rhat": 1.0004980995606831
    },
    "zgp_1[34]": {
      "ess_bulk": 10000.0,
      "ess_tail": 9963.832477959499,
      "rhat": 1.0000473801100997
    },
    "zgp_1[35]": {
      "ess_bulk": 10000.0,
      "ess_tail": 9756.092729458354,
      "rhat": 1.0001097269916874
    },
    "zgp_1[36]": {
      "ess_bulk": 9904.154729839625,
      "ess_tail": 9464.579244501916,
      "rhat": 1.0003142340903108
    },
    "zgp_1[37]": {
      "ess_bulk": 10000.0,
      "ess_tail": 9907.21342008935,
      "rhat": 1.0000024472253675
    },
    "zgp_1[38]": {
      "ess_bulk": 10000.0,
      "ess_tail": 10000.0,
      "rhat": 0.9998855609446589
    },
    "zgp_1[39]": {
      "ess_bulk": 9932.85810437794,
      "ess_tail": 9694.833298490097,
      "rhat": 1.0004094790063243
    },
    "zgp_1[3]": {
      "ess_bulk": 9833.53129003427,
      "ess_tail": 9561.47016401198,
      "rhat": 0.9999061329417132
    },
    "zgp_1[40]": {
      "ess_bulk": 10000.0,
      "ess_tail": 9119.076616972943,
      "rhat": 0.9999440453007615
    },
    "zgp_1[4]": {
      "ess_bulk": 10000.0,
      "ess_tail": 10000.0,
      "rhat": 1.0002162521855735
    },
    "zgp_1[5]": {
      "ess_bulk": 10000.0,
      "ess_tail": 10000.0,
      "rhat": 1.0002951808613056
    },
    "zgp_1[6]": {
      "ess_bulk": 10000.0,
      "ess_tail": 10000.0,
      "rhat": 1.00013772953606
    },
    "zgp_1[7]": {
      "ess_bulk": 10000.0,
      "ess_tail": 9829.007329432286,
      "rhat": 1.0012575535103099
    },
    "zgp_1[8]": {
      "ess_bulk": 10000.0,
      "ess_tail": 9835.742580067275,
      "rhat": 1.0000936412638504
    },
    "zgp_1[9]": {
      "ess_bulk": 10000.0,
      "ess_tail": 10000.0,
      "rhat": 1.0002731881478817
    },
    "zgp_sigma_1[10]": {
      "ess_bulk": 9674.08227922125,
      "ess_tail": 9877.73616248044,
      "rhat": 1.000041772873988
    },
    "zgp_sigma_1[11]": {
      "ess_bulk": 10000.0,
      "ess_tail": 10000.0,
      "rhat": 1.0002628074061535
    },
    "zgp_sigma_1[12]": {
      "ess_bulk": 10000.0,
      "ess_tail": 10000.0,
      "rhat": 1.000903088524505
    },
    "zgp_sigma_1[13]": {
      "ess_bulk": 9777.467755954545,
      "ess_tail": 9757.6378384406,
      "rhat": 1.000113784783224
    },
    "zgp_sigma_1[14]": {
      "ess_bulk": 10000.0,
      "ess_tail": 10000.0,
      "rhat": 1.0003235038330855
    },
    "zgp_sigma_1[15]": {
      "ess_bulk": 10000.0,
      "ess_tail": 9831.701753192363,
      "rhat": 1.0000685712365165
    },
    "zgp_sigma_1[16]": {
      "ess_bulk": 9907.754596121598,
      "ess_tail": 10000.0,
      "rhat": 0.999964335100218
    },
    "zgp_sigma_1[17]": {
      "ess_bulk": 10000.0,
      "ess_tail": 9912.857038000298,
      "rhat": 0.9998847941646399
    },
    "zgp_sigma_1[18]": {
      "ess_bulk": 9387.829171081401,
      "ess_tail": 10000.0,
      "rhat": 1.0000822659416697
    },
    "zgp_sigma_1[19]": {
      "ess_bulk": 9746.899592904683,
      "ess_tail": 10000.0,
      "rhat": 1.0000489683230303
    },
    "zgp_sigma_1[1]": {
      "ess_bulk": 9410.327532148394,
      "ess_tail": 10000.0,
      "rhat": 0.9998008447972212
    },
    "zgp_sigma_1[20]": {
      "ess_bulk": 9220.376518381963,
      "ess_tail": 9840.825466208484,
      "rhat": 0.9999790195786782
    },
    "zgp_sigma_1[2]": {
      "ess_bulk": 10000.0,
      "ess_tail": 10000.0,
      "rhat": 1.0002589222081149
    },
    "zgp_sigma_1[3]": {
      "ess_bulk": 9951.885984060153,
      "ess_tail": 10000.0,
      "rhat": 0.9998633701296917
    },
    "zgp_sigma_1[4]": {
      "ess_bulk": 9800.411720042586,
      "ess_tail": 10000.0,
      "rhat": 1.0002224776655702
    },
    "zgp_sigma_1[5]": {
      "ess_bulk": 10000.0,
      "ess_tail": 10000.0,
      "rhat": 0.9999692803536216
    },
    "zgp_sigma_1[6]": {
      "ess_bulk": 10000.0,
      "ess_tail": 9803.935999281119,