{
  "checks": {
    "ess_above_400": true,
    "nchains_is_gte_4": true,
    "ndraws_is_10k": true,
    "rhat_below_1_01": true
  },
  "diagnostics": {
    "beta[1]": {
      "ess_bulk": 10000.0,
      "ess_tail": 10000.0,
      "rhat": 1.0000337364232148
    },
    "beta[2]": {
      "ess_bulk": 9991.670371983606,
      "ess_tail": 9653.966351890294,
      "rhat": 0.9998112159626662
    },
    "beta[3]": {
      "ess_bulk": 10000.0,
      "ess_tail": 8858.80280535914,
      "rhat": 0.9998176751819107
    },
    "beta[4]": {
      "ess_bulk": 10000.0,
      "ess_tail": 9747.938799252714,
      "rhat": 1.000485570949681
    },
    "beta[5]": {
      "ess_bulk": 9526.207415819,
      "ess_tail": 9420.29468210728,
      "rhat": 1.000360122424003
    },
    "beta[6]": {
      "ess_bulk": 10000.0,
      "ess_tail": 10000.0,
      "rhat": 1.0002392144286436
    },
    "beta[7]": {
      "ess_bulk": 9858.302558624302,
      "ess_tail": 10000.0,
      "rhat": 1.0000212343957338
    },
    "sigma": {
      "ess_bulk": 9906.051516688753,
      "ess_tail": 9692.980352581093,
      "rhat": 0.9998913000381172
    }
  },
  "generated_date": "2026-02-09",
  "model": "mesquite-logmesquite",
  "n_chains": 10,
  "n_draws_per_chain": 1000,
  "parameters": [
    "beta[1]",
    "beta[2]",
    "beta[3]",
    "beta[4]",
    "beta[5]",
    "beta[6]",
    "beta[7]",
    "sigma"
  ],
  "source": "converted"
}