{
  "checks": {
    "ess_above_400": true,
    "nchains_is_gte_4": true,
    "ndraws_is_10k": true,
    "rhat_below_1_01": true
  },
  "diagnostics": {
    "v": {
      "ess_bulk": 9910.226761260772,
      "ess_tail": 9965.242358144895,
      "rhat": 1.0003656764545907
    },
    "x[1]": {
      "ess_bulk": 10000.0,
      "ess_tail": 10000.0,
      "rhat": 1.0002886392694874
    },
    "x[2]": {
      "ess_bulk": 10000.0,
      "ess_tail": 9765.482431408378,
      "rhat": 1.0001421755021411
    },
    "x[3]": {
      "ess_bulk": 9454.821781466053,
      "ess_tail": 9990.017295622805,
      "rhat": 1.0002615976878468
    },
    "x[4]": {
      "ess_bulk": 9877.726745358197,
      "ess_tail": 9685.284330043027,
      "rhat": 1.0000239812084866
    },
    "x[5]": {
      "ess_bulk": 10000.0,
      "ess_tail": 10000.0,
      "rhat": 1.0001032322860703
    },
    "x[6]": {
      "ess_bulk": 10000.0,
      "ess_tail": 10000.0,
      "rhat": 0.9997678393849344
    },
    "x[7]": {
      "ess_bulk": 10000.0,
      "ess_tail": 9816.354851008504,
      "rhat": 1.0005981911834994
    },
    "x[8]": {
      "ess_bulk": 10000.0,
      "ess_tail": 9736.301138159435,
      "rhat": 0.9998612018009831
    },
    "x[9]": {
      "ess_bulk": 9768.22286122129,
      "ess_tail": 10000.0,
      "rhat": 1.0001313282206472
    },
    "x_raw[1]": {
      "ess_bulk": 9891.176219709945,
      "ess_tail": 10000.0,
      "rhat": 1.0001374453860477
    },
    "x_raw[2]": {
      "ess_bulk": 10000.0,
      "ess_tail": 10000.0,
      "rhat": 0.999848656400437
    },
    "x_raw[3]": {
      "ess_bulk": 9159.974553550253,
      "ess_tail": 10000.0,
      "rhat": 1.0002990061491157
    },
    "x_raw[4]": {
      "ess_bulk": 9937.441272539665,
      "ess_tail": 10000.0,
      "rhat": 1.0005380719066324
    },
    "x_raw[5]": {
      "ess_bulk": 10000.0,
      "ess_tail": 10000.0,
      "rhat": 1.0004266861304065
    },
    "x_raw[6]": {
      "ess_bulk": 10000.0,
      "ess_tail": 10000.0,
      "rhat": 1.0000308988785818
    },
    "x_raw[7]": {
      "ess_bulk": 10000.0,
      "ess_tail": 9908.38038755462,
      "rhat": 1.0000674584772133
    },
    "x_raw[8]": {
      "ess_bulk": 9760.769427977943,
      "ess_tail": 10000.0,
      "rhat": 1.0001189204565815
    },
    "x_raw[9]": {
      "ess_bulk": 9743.446649664618,
      "ess_tail": 10000.0,
      "rhat": 1.0000071151664416
    }
  },
  "generated_date": "2026-02-22",
  "model": "neals_funnel-noncentered",
  "n_chains": 10,
  "n_draws_per_chain": 1000,
  "parameters": [
    "v",
    "x[1]",
    "x[2]",
    "x[3]",
    "x[4]",
    "x[5]",
    "x[6]",
    "x[7]",
    "x[8]",
    "x[9]",
    "x_raw[1]",
    "x_raw[2]",
    "x_raw[3]",
    "x_raw[4]",
    "x_raw[5]",
    "x_raw[6]",
    "x_raw[7]",
    "x_raw[8]",
    "x_raw[9]"
  ],
  "source": "cmdstan-2.37.0"
}