{
  "checks": {
    "ess_above_400": true,
    "nchains_is_gte_4": true,
    "ndraws_is_10k": true,
    "rhat_below_1_01": true
  },
  "diagnostics": {
    "beta[1]": {
      "ess_bulk": 10000.0,
      "ess_tail": 10000.0,
      "rhat": 1.0002406986238936
    },
    "beta[2]": {
      "ess_bulk": 9482.004569913352,
      "ess_tail": 9999.887614691383,
      "rhat": 1.0003292649934497
    },
    "beta[3]": {
      "ess_bulk": 10000.0,
      "ess_tail": 10000.0,
      "rhat": 1.0002044248584543
    },
    "beta[4]": {
      "ess_bulk": 9601.623177016661,
      "ess_tail": 10000.0,
      "rhat": 0.9999784693808863
    },
    "beta[5]": {
      "ess_bulk": 10000.0,
      "ess_tail": 10000.0,
      "rhat": 0.9999479743049491
    },
    "beta[6]": {
      "ess_bulk": 10000.0,
      "ess_tail": 10000.0,
      "rhat": 0.9999034061755456
    },
    "beta[7]": {
      "ess_bulk": 9936.07234589191,
      "ess_tail": 10000.0,
      "rhat": 0.9999450179756795
    },
    "beta[8]": {
      "ess_bulk": 9807.986013445014,
      "ess_tail": 10000.0,
      "rhat": 0.9997045324856408
    },
    "beta[9]": {
      "ess_bulk": 10000.0,
      "ess_tail": 10000.0,
      "rhat": 1.0002163037223502
    },
    "sigma": {
      "ess_bulk": 10000.0,
      "ess_tail": 9915.25082303765,
      "rhat": 1.0000037824757273
    }
  },
  "generated_date": "2026-02-09",
  "model": "nes1980-nes",
  "n_chains": 10,
  "n_draws_per_chain": 1000,
  "parameters": [
    "beta[1]",
    "beta[2]",
    "beta[3]",
    "beta[4]",
    "beta[5]",
    "beta[6]",
    "beta[7]",
    "beta[8]",
    "beta[9]",
    "sigma"
  ],
  "source": "converted"
}