{
  "checks": {
    "ess_above_400": true,
    "nchains_is_gte_4": true,
    "ndraws_is_10k": true,
    "rhat_below_1_01": true
  },
  "diagnostics": {
    "beta[1]": {
      "ess_bulk": 9669.116359604484,
      "ess_tail": 10000.0,
      "rhat": 1.0003509566809496
    },
    "beta[2]": {
      "ess_bulk": 9755.81925680449,
      "ess_tail": 10000.0,
      "rhat": 1.0004616403490119
    },
    "beta[3]": {
      "ess_bulk": 10000.0,
      "ess_tail": 9516.115806792353,
      "rhat": 1.0000457805365162
    },
    "beta[4]": {
      "ess_bulk": 9397.800003811879,
      "ess_tail": 9969.154105364154,
      "rhat": 1.000087098593726
    },
    "beta[5]": {
      "ess_bulk": 9476.422685805734,
      "ess_tail": 10000.0,
      "rhat": 1.0001418324550089
    },
    "beta[6]": {
      "ess_bulk": 9734.429009868725,
      "ess_tail": 9794.236712049664,
      "rhat": 0.9998222799513973
    },
    "beta[7]": {
      "ess_bulk": 9682.234255166648,
      "ess_tail": 10000.0,
      "rhat": 1.0004823058298575
    },
    "beta[8]": {
      "ess_bulk": 9595.452809836243,
      "ess_tail": 10000.0,
      "rhat": 1.000004311505656
    },
    "beta[9]": {
      "ess_bulk": 10000.0,
      "ess_tail": 10000.0,
      "rhat": 1.0002141353377838
    },
    "sigma": {
      "ess_bulk": 10000.0,
      "ess_tail": 10000.0,
      "rhat": 1.000116151686155
    }
  },
  "generated_date": "2026-02-09",
  "model": "nes1988-nes",
  "n_chains": 10,
  "n_draws_per_chain": 1000,
  "parameters": [
    "beta[1]",
    "beta[2]",
    "beta[3]",
    "beta[4]",
    "beta[5]",
    "beta[6]",
    "beta[7]",
    "beta[8]",
    "beta[9]",
    "sigma"
  ],
  "source": "converted"
}