{
  "checks": {
    "ess_above_400": true,
    "nchains_is_gte_4": true,
    "ndraws_is_10k": true,
    "rhat_below_1_01": true
  },
  "diagnostics": {
    "beta[1]": {
      "ess_bulk": 10000.0,
      "ess_tail": 9299.863843948648,
      "rhat": 0.9999464321474465
    },
    "beta[2]": {
      "ess_bulk": 10000.0,
      "ess_tail": 9622.00008123225,
      "rhat": 0.9997122377969586
    },
    "beta[3]": {
      "ess_bulk": 10000.0,
      "ess_tail": 10000.0,
      "rhat": 0.999830924581389
    },
    "beta[4]": {
      "ess_bulk": 9865.266796592197,
      "ess_tail": 10000.0,
      "rhat": 0.9997270792074874
    },
    "beta[5]": {
      "ess_bulk": 10000.0,
      "ess_tail": 10000.0,
      "rhat": 1.0002905866366503
    },
    "beta[6]": {
      "ess_bulk": 9997.22026515087,
      "ess_tail": 9936.634414854092,
      "rhat": 1.0000395609960284
    },
    "beta[7]": {
      "ess_bulk": 10000.0,
      "ess_tail": 9829.343223294965,
      "rhat": 1.0007365025135941
    },
    "beta[8]": {
      "ess_bulk": 10000.0,
      "ess_tail": 9921.314460791275,
      "rhat": 1.0001919620128454
    },
    "beta[9]": {
      "ess_bulk": 10000.0,
      "ess_tail": 10000.0,
      "rhat": 1.0001874647010196
    },
    "sigma": {
      "ess_bulk": 10000.0,
      "ess_tail": 9981.077996958338,
      "rhat": 0.9996171823533287
    }
  },
  "generated_date": "2026-02-09",
  "model": "nes1976-nes",
  "n_chains": 10,
  "n_draws_per_chain": 1000,
  "parameters": [
    "beta[1]",
    "beta[2]",
    "beta[3]",
    "beta[4]",
    "beta[5]",
    "beta[6]",
    "beta[7]",
    "beta[8]",
    "beta[9]",
    "sigma"
  ],
  "source": "converted"
}