{
  "checks": {
    "ess_above_400": true,
    "nchains_is_gte_4": true,
    "ndraws_is_10k": true,
    "rhat_below_1_01": true
  },
  "diagnostics": {
    "K_m": {
      "ess_bulk": 9224.282835437922,
      "ess_tail": 9552.273854186742,
      "rhat": 1.000149414742388
    },
    "V_m": {
      "ess_bulk": 9671.399356528853,
      "ess_tail": 9635.316233178542,
      "rhat": 1.000311952547035
    },
    "k_a": {
      "ess_bulk": 9881.260514714975,
      "ess_tail": 10000.0,
      "rhat": 1.0001266884128528
    },
    "sigma": {
      "ess_bulk": 9768.181548914743,
      "ess_tail": 9822.675249242957,
      "rhat": 1.0003940267374063
    }
  },
  "generated_date": "2026-02-09",
  "model": "one_comp_mm_elim_abs-one_comp_mm_elim_abs",
  "n_chains": 10,
  "n_draws_per_chain": 1000,
  "parameters": [
    "K_m",
    "V_m",
    "k_a",
    "sigma"
  ],
  "source": "converted"
}