{
  "checks": {
    "ess_above_400": true,
    "nchains_is_gte_4": true,
    "ndraws_is_10k": true,
    "rhat_below_1_01": true
  },
  "diagnostics": {
    "alpha[10]": {
      "ess_bulk": 10000.0,
      "ess_tail": 10000.0,
      "rhat": 0.9997940494196839
    },
    "alpha[11]": {
      "ess_bulk": 10000.0,
      "ess_tail": 9453.766347971881,
      "rhat": 1.000497226275425
    },
    "alpha[12]": {
      "ess_bulk": 9604.327123143548,
      "ess_tail": 10000.0,
      "rhat": 1.00014620776642
    },
    "alpha[13]": {
      "ess_bulk": 9590.129366762152,
      "ess_tail": 10000.0,
      "rhat": 1.0001601191855258
    },
    "alpha[14]": {
      "ess_bulk": 8432.95598390191,
      "ess_tail": 10000.0,
      "rhat": 0.999898475181623
    },
    "alpha[15]": {
      "ess_bulk": 9572.355142064269,
      "ess_tail": 10000.0,
      "rhat": 1.0002639061663487
    },
    "alpha[16]": {
      "ess_bulk": 10000.0,
      "ess_tail": 9831.412629201845,
      "rhat": 0.9998378510979832
    },
    "alpha[17]": {
      "ess_bulk": 9757.172803185413,
      "ess_tail": 9369.383304997113,
      "rhat": 0.9997860348119111
    },
    "alpha[18]": {
      "ess_bulk": 10000.0,
      "ess_tail": 10000.0,
      "rhat": 0.9998537199804787
    },
    "alpha[19]": {
      "ess_bulk": 10000.0,
      "ess_tail": 9728.901955009604,
      "rhat": 1.0004616919747709
    },
    "alpha[1]": {
      "ess_bulk": 10000.0,
      "ess_tail": 10000.0,
      "rhat": 1.0001452165227533
    },
    "alpha[20]": {
      "ess_bulk": 9771.484747722816,
      "ess_tail": 10000.0,
      "rhat": 1.0007270808508228
    },
    "alpha[21]": {
      "ess_bulk": 10000.0,
      "ess_tail": 10000.0,
      "rhat": 0.9999836699566607
    },
    "alpha[22]": {
      "ess_bulk": 10000.0,
      "ess_tail": 9664.608655006015,
      "rhat": 1.0003359711632749
    },
    "alpha[23]": {
      "ess_bulk": 9947.034083613518,
      "ess_tail": 9644.363867815557,
      "rhat": 0.9997972791842109
    },
    "alpha[24]": {
      "ess_bulk": 10000.0,
      "ess_tail": 10000.0,
      "rhat": 0.99994097053492
    },
    "alpha[25]": {
      "ess_bulk": 9919.506252319472,
      "ess_tail": 9929.579472321822,
      "rhat": 1.0002275154480385
    },
    "alpha[26]": {
      "ess_bulk": 9395.541726377443,
      "ess_tail": 9858.217054892095,
      "rhat": 0.9997074676658008
    },
    "alpha[27]": {
      "ess_bulk": 10000.0,
      "ess_tail": 10000.0,
      "rhat": 1.0001872983819717
    },
    "alpha[28]": {
      "ess_bulk": 10000.0,
      "ess_tail": 10000.0,
      "rhat": 1.0000494066982593
    },
    "alpha[29]": {
      "ess_bulk": 9906.853503751174,
      "ess_tail": 10000.0,
      "rhat": 1.0002872292785046
    },
    "alpha[2]": {
      "ess_bulk": 10000.0,
      "ess_tail": 10000.0,
      "rhat": 1.0002576019232245
    },
    "alpha[30]": {
      "ess_bulk": 9472.81516247358,
      "ess_tail": 10000.0,
      "rhat": 0.9997801432119968
    },
    "alpha[31]": {
      "ess_bulk": 9630.961128067584,
      "ess_tail": 9753.517577033459,
      "rhat": 0.9999243040631723
    },
    "alpha[32]": {
      "ess_bulk": 9892.036247536447,
      "ess_tail": 9396.490774609214,
      "rhat": 0.9996710388914424
    },
    "alpha[33]": {
      "ess_bulk": 10000.0,
      "ess_tail": 10000.0,
      "rhat": 1.000043839245173
    },
    "alpha[34]": {
      "ess_bulk": 9956.229657162527,
      "ess_tail": 10000.0,
      "rhat": 0.9995186518162819
    },
    "alpha[35]": {
      "ess_bulk": 10000.0,
      "ess_tail": 10000.0,
      "rhat": 1.000000440718661
    },
    "alpha[36]": {
      "ess_bulk": 10000.0,
      "ess_tail": 10000.0,
      "rhat": 1.0002906867685257
    },
    "alpha[37]": {
      "ess_bulk": 9626.610064763137,
      "ess_tail": 9770.901190946366,
      "rhat": 0.9997526259368928
    },
    "alpha[38]": {
      "ess_bulk": 10000.0,
      "ess_tail": 10000.0,
      "rhat": 0.9997838171771909
    },
    "alpha[39]": {
      "ess_bulk": 10000.0,
      "ess_tail": 10000.0,
      "rhat": 0.9999639784189643
    },
    "alpha[3]": {
      "ess_bulk": 9624.855203043242,
      "ess_tail": 10000.0,
      "rhat": 1.000758191246558
    },
    "alpha[40]": {
      "ess_bulk": 9922.342448376849,
      "ess_tail": 9996.461329500833,
      "rhat": 0.9996392001277075
    },
    "alpha[41]": {
      "ess_bulk": 9935.565426763946,
      "ess_tail": 10000.0,
      "rhat": 0.9999365226534598
    },
    "alpha[42]": {
      "ess_bulk": 9785.8799524413,
      "ess_tail": 10000.0,
      "rhat": 0.9997308942929607
    },
    "alpha[43]": {
      "ess_bulk": 10000.0,
      "ess_tail": 9851.531201577876,
      "rhat": 1.0004418321607307
    },
    "alpha[44]": {
      "ess_bulk": 10000.0,
      "ess_tail": 10000.0,
      "rhat": 1.0000380695098754
    },
    "alpha[45]": {
      "ess_bulk": 10000.0,
      "ess_tail": 10000.0,
      "rhat": 0.999822876948362
    },
    "alpha[46]": {
      "ess_bulk": 10000.0,
      "ess_tail": 10000.0,
      "rhat": 1.0000105717831589
    },
    "alpha[47]": {
      "ess_bulk": 10000.0,
      "ess_tail": 9481.099447312743,
      "rhat": 0.999957842775268
    },
    "alpha[48]": {
      "ess_bulk": 9444.002199652385,
      "ess_tail": 9785.431320802323,
      "rhat": 1.0004696158689628
    },
    "alpha[4]": {
      "ess_bulk": 9996.065061484294,
      "ess_tail": 9979.036955923222,
      "rhat": 1.0003616435829452
    },
    "alpha[5]": {
      "ess_bulk": 9314.412176111531,
      "ess_tail": 10000.0,
      "rhat": 1.0003565706868356
    },
    "alpha[6]": {
      "ess_bulk": 10000.0,
      "ess_tail": 10000.0,
      "rhat": 1.0004688710715395
    },
    "alpha[7]": {
      "ess_bulk": 10000.0,
      "ess_tail": 9927.316874865071,
      "rhat": 1.000485732172557
    },
    "alpha[8]": {
      "ess_bulk": 10000.0,
      "ess_tail": 9910.823487848485,
      "rhat": 1.000012971886736
    },
    "alpha[9]": {
      "ess_bulk": 9537.43530360527,
      "ess_tail": 10000.0,
      "rhat": 1.0000390220383983
    },
    "alpha_bar": {
      "ess_bulk": 10000.0,
      "ess_tail": 10000.0,
      "rhat": 1.0000715371450133
    },
    "sigma": {
      "ess_bulk": 10000.0,
      "ess_tail": 9798.715542251097,
      "rhat": 0.9997768833935738
    }
  },
  "generated_date": "2026-02-09",
  "model": "tadpoles-multilevel_binomial",
  "n_chains": 10,
  "n_draws_per_chain": 1000,
  "parameters": [
    "alpha[10]",
    "alpha[11]",
    "alpha[12]",
    "alpha[13]",
    "alpha[14]",
    "alpha[15]",
    "alpha[16]",
    "alpha[17]",
    "alpha[18]",
    "alpha[19]",
    "alpha[1]",
    "alpha[20]",
    "alpha[21]",
    "alpha[22]",
    "alpha[23]",
    "alpha[24]",
    "alpha[25]",
    "alpha[26]",
    "alpha[27]",
    "alpha[28]",
    "alpha[29]",
    "alpha[2]",
    "alpha[30]",
    "alpha[31]",
    "alpha[32]",
    "alpha[33]",
    "alpha[34]",
    "alpha[35]",
    "alpha[36]",
    "alpha[37]",
    "alpha[38]",
    "alpha[39]",
    "alpha[3]",
    "alpha[40]",
    "alpha[41]",
    "alpha[42]",
    "alpha[43]",
    "alpha[44]",
    "alpha[45]",
    "alpha[46]",
    "alpha[47]",
    "alpha[48]",
    "alpha[4]",
    "alpha[5]",
    "alpha[6]",
    "alpha[7]",
    "alpha[8]",
    "alpha[9]",
    "alpha_bar",
    "sigma"
  ],
  "source": "converted"
}