{
  "checks": {
    "ess_above_400": false,
    "nchains_is_gte_4": true,
    "ndraws_is_10k": true,
    "rhat_below_1_01": false
  },
  "diagnostics": {
    "beta_group[1,1]": {
      "ess_bulk": 9964.427385126155,
      "ess_tail": 1406.579191359503,
      "rhat": 1.1334616496643601
    },
    "beta_group[1,2]": {
      "ess_bulk": 488.763179654006,
      "ess_tail": 279.3845748747671,
      "rhat": 1.6937540577554229
    },
    "beta_group[10,1]": {
      "ess_bulk": 9659.678044191609,
      "ess_tail": 1605.8215838495655,
      "rhat": 1.1178377443006609
    },
    "beta_group[10,2]": {
      "ess_bulk": 1899.8185235861974,
      "ess_tail": 642.7536573453234,
      "rhat": 1.5677004348727164
    },
    "beta_group[2,1]": {
      "ess_bulk": 8474.659997353836,
      "ess_tail": 1076.9626104297706,
      "rhat": 1.130448071105644
    },
    "beta_group[2,2]": {
      "ess_bulk": 462.89685181645336,
      "ess_tail": 222.5083784834899,
      "rhat": 1.4152734909735942
    },
    "beta_group[3,1]": {
      "ess_bulk": 9872.563657719023,
      "ess_tail": 1241.2391594276921,
      "rhat": 1.1295897507254355
    },
    "beta_group[3,2]": {
      "ess_bulk": 503.6388026016856,
      "ess_tail": 324.4742403973423,
      "rhat": 1.623876047773714
    },
    "beta_group[4,1]": {
      "ess_bulk": 8870.297485001254,
      "ess_tail": 969.8715572536623,
      "rhat": 1.1176389612573954
    },
    "beta_group[4,2]": {
      "ess_bulk": 617.0916200513946,
      "ess_tail": 331.5952767620716,
      "rhat": 1.393671488337922
    },
    "beta_group[5,1]": {
      "ess_bulk": 9864.98923974973,
      "ess_tail": 1386.5223004213547,
      "rhat": 1.139472482719488
    },
    "beta_group[5,2]": {
      "ess_bulk": 1152.073544277133,
      "ess_tail": 735.1180100512621,
      "rhat": 1.7596976256109886
    },
    "beta_group[6,1]": {
      "ess_bulk": 9794.194433559675,
      "ess_tail": 1135.6820537968497,
      "rhat": 1.1241849679829814
    },
    "beta_group[6,2]": {
      "ess_bulk": 1340.957173195224,
      "ess_tail": 400.53144655690363,
      "rhat": 1.43469186025599
    },
    "beta_group[7,1]": {
      "ess_bulk": 8834.071668595176,
      "ess_tail": 2772.2784733914973,
      "rhat": 1.1303827204875565
    },
    "beta_group[7,2]": {
      "ess_bulk": 1306.9872444671726,
      "ess_tail": 424.4986520983598,
      "rhat": 1.4173040673700006
    },
    "beta_group[8,1]": {
      "ess_bulk": 10000.0,
      "ess_tail": 1505.9356488861692,
      "rhat": 1.1351201990635553
    },
    "beta_group[8,2]": {
      "ess_bulk": 1666.4373844234283,
      "ess_tail": 455.83744671087646,
      "rhat": 1.6962676224735198
    },
    "beta_group[9,1]": {
      "ess_bulk": 10000.0,
      "ess_tail": 963.8313455177649,
      "rhat": 1.1200510635489893
    },
    "beta_group[9,2]": {
      "ess_bulk": 1348.9325463714008,
      "ess_tail": 630.3846933625086,
      "rhat": 1.4898765090216146
    },
    "mu[1]": {
      "ess_bulk": 911.5938801515528,
      "ess_tail": 1458.3417299423334,
      "rhat": 7.2758150744076575
    },
    "mu[2]": {
      "ess_bulk": 1205.7516874849566,
      "ess_tail": 1411.7996749855183,
      "rhat": 5.614300336979442
    },
    "sigma": {
      "ess_bulk": 226.13358635173282,
      "ess_tail": 92.56320062339232,
      "rhat": 3.0967197971256626
    },
    "sigma_group[1]": {
      "ess_bulk": 1665.3531477900128,
      "ess_tail": 924.3022776767591,
      "rhat": 5.469841473567958
    },
    "sigma_group[2]": {
      "ess_bulk": 608.7707186349365,
      "ess_tail": 963.2394801211399,
      "rhat": 6.358241488688409
    },
    "z_group[1,1]": {
      "ess_bulk": 1975.7600996458468,
      "ess_tail": 736.0335369909244,
      "rhat": 5.453660950102584
    },
    "z_group[1,2]": {
      "ess_bulk": 1548.1840299448666,
      "ess_tail": 1454.4192051469804,
      "rhat": 5.767478070155983
    },
    "z_group[10,1]": {
      "ess_bulk": 1342.8436224730863,
      "ess_tail": 952.3802094222518,
      "rhat": 5.642421032182582
    },
    "z_group[10,2]": {
      "ess_bulk": 1365.711766150131,
      "ess_tail": 1024.28552042859,
      "rhat": 5.50503105200197
    },
    "z_group[2,1]": {
      "ess_bulk": 1446.3424481679897,
      "ess_tail": 1033.2798992848964,
      "rhat": 6.095383589004625
    },
    "z_group[2,2]": {
      "ess_bulk": 1338.407297216192,
      "ess_tail": 984.3214412583733,
      "rhat": 6.224474245078184
    },
    "z_group[3,1]": {
      "ess_bulk": 1474.482234991839,
      "ess_tail": 986.3468786560013,
      "rhat": 6.055477969091945
    },
    "z_group[3,2]": {
      "ess_bulk": 1147.936159297644,
      "ess_tail": 969.693737749929,
      "rhat": 6.462614450922055
    },
    "z_group[4,1]": {
      "ess_bulk": 1500.4053473862064,
      "ess_tail": 959.7526959690919,
      "rhat": 5.98797162704865
    },
    "z_group[4,2]": {
      "ess_bulk": 1673.4787426442722,
      "ess_tail": 1286.678107641029,
      "rhat": 5.682617340924503
    },
    "z_group[5,1]": {
      "ess_bulk": 1484.8894521658747,
      "ess_tail": 1279.4659614397438,
      "rhat": 6.409368258381938
    },
    "z_group[5,2]": {
      "ess_bulk": 1600.9543816758198,
      "ess_tail": 1083.1343862209737,
      "rhat": 5.824813857381518
    },
    "z_group[6,1]": {
      "ess_bulk": 1473.3328379438435,
      "ess_tail": 1492.7073989078006,
      "rhat": 6.212518843778719
    },
    "z_group[6,2]": {
      "ess_bulk": 2134.6014746832057,
      "ess_tail": 1540.8739859206887,
      "rhat": 5.816665562202748
    },
    "z_group[7,1]": {
      "ess_bulk": 1347.0177235067256,
      "ess_tail": 1289.2641046654028,
      "rhat": 5.655653293384567
    },
    "z_group[7,2]": {
      "ess_bulk": 1431.1641478883207,
      "ess_tail": 1396.3534482278028,
      "rhat": 5.585813939539787
    },
    "z_group[8,1]": {
      "ess_bulk": 1328.9928875417659,
      "ess_tail": 869.8044162562816,
      "rhat": 5.665398164486607
    },
    "z_group[8,2]": {
      "ess_bulk": 1428.9605909802635,
      "ess_tail": 1007.2138255767113,
      "rhat": 5.885322025722016
    },
    "z_group[9,1]": {
      "ess_bulk": 1333.0714010095487,
      "ess_tail": 931.1543820898655,
      "rhat": 5.6573697619944125
    },
    "z_group[9,2]": {
      "ess_bulk": 1264.2572704139711,
      "ess_tail": 809.1680181695308,
      "rhat": 6.358956295353089
    }
  },
  "generated_date": "2026-02-22",
  "model": "varying_slopes-noncentered",
  "n_chains": 10,
  "n_draws_per_chain": 1000,
  "parameters": [
    "beta_group[1,1]",
    "beta_group[1,2]",
    "beta_group[10,1]",
    "beta_group[10,2]",
    "beta_group[2,1]",
    "beta_group[2,2]",
    "beta_group[3,1]",
    "beta_group[3,2]",
    "beta_group[4,1]",
    "beta_group[4,2]",
    "beta_group[5,1]",
    "beta_group[5,2]",
    "beta_group[6,1]",
    "beta_group[6,2]",
    "beta_group[7,1]",
    "beta_group[7,2]",
    "beta_group[8,1]",
    "beta_group[8,2]",
    "beta_group[9,1]",
    "beta_group[9,2]",
    "mu[1]",
    "mu[2]",
    "sigma",
    "sigma_group[1]",
    "sigma_group[2]",
    "z_group[1,1]",
    "z_group[1,2]",
    "z_group[10,1]",
    "z_group[10,2]",
    "z_group[2,1]",
    "z_group[2,2]",
    "z_group[3,1]",
    "z_group[3,2]",
    "z_group[4,1]",
    "z_group[4,2]",
    "z_group[5,1]",
    "z_group[5,2]",
    "z_group[6,1]",
    "z_group[6,2]",
    "z_group[7,1]",
    "z_group[7,2]",
    "z_group[8,1]",
    "z_group[8,2]",
    "z_group[9,1]",
    "z_group[9,2]"
  ],
  "source": "cmdstan-2.37.0"
}