{
  "D": 5,
  "N": 120,
  "X_std": [
    [
      -1.0,
      -0.86,
      -0.72,
      -0.5800000000000001,
      -0.43999999999999995
    ],
    [
      -0.98,
      -0.84,
      -0.7,
      -0.56,
      -0.42000000000000004
    ],
    [
      -0.96,
      -0.8200000000000001,
      -0.6799999999999999,
      -0.54,
      -0.4
    ],
    [
      -0.94,
      -0.8,
      -0.6599999999999999,
      -0.52,
      -0.38
    ],
    [
      -0.92,
      -0.78,
      -0.64,
      -0.5,
      -0.36
    ],
    [
      -0.9,
      -0.76,
      -0.62,
      -0.48,
      -0.33999999999999997
    ],
    [
      -0.88,
      -0.74,
      -0.6,
      -0.45999999999999996,
      -0.31999999999999995
    ],
    [
      -0.86,
      -0.72,
      -0.5800000000000001,
      -0.43999999999999995,
      -0.29999999999999993
    ],
    [
      -0.84,
      -0.7,
      -0.56,
      -0.42000000000000004,
      -0.28
    ],
    [
      -0.8200000000000001,
      -0.6799999999999999,
      -0.54,
      -0.4,
      -0.26
    ],
    [
      -0.8,
      -0.6599999999999999,
      -0.52,
      -0.38,
      -0.24
    ],
    [
      -0.78,
      -0.64,
      -0.5,
      -0.36,
      -0.21999999999999997
    ],
    [
      -0.76,
      -0.62,
      -0.48,
      -0.33999999999999997,
      -0.19999999999999996
    ],
    [
      -0.74,
      -0.6,
      -0.45999999999999996,
      -0.31999999999999995,
      -0.17999999999999994
    ],
    [
      -0.72,
      -0.5800000000000001,
      -0.43999999999999995,
      -0.29999999999999993,
      -0.16000000000000003
    ],
    [
      -0.7,
      -0.56,
      -0.42000000000000004,
      -0.28,
      -0.14
    ],
    [
      -0.6799999999999999,
      -0.54,
      -0.4,
      -0.26,
      -0.12
    ],
    [
      -0.6599999999999999,
      -0.52,
      -0.38,
      -0.24,
      -0.09999999999999998
    ],
    [
      -0.64,
      -0.5,
      -0.36,
      -0.21999999999999997,
      -0.07999999999999996
    ],
    [
      -0.62,
      -0.48,
      -0.33999999999999997,
      -0.19999999999999996,
      -0.05999999999999994
    ],
    [
      -0.6,
      -0.45999999999999996,
      -0.31999999999999995,
      -0.17999999999999994,
      -0.040000000000000036
    ],
    [
      -0.5800000000000001,
      -0.43999999999999995,
      -0.29999999999999993,
      -0.16000000000000003,
      -0.020000000000000018
    ],
    [
      -0.56,
      -0.42000000000000004,
      -0.28,
      -0.14,
      0.0
    ],
    [
      -0.54,
      -0.4,
      -0.26,
      -0.12,
      0.020000000000000018
    ],
    [
      -0.52,
      -0.38,
      -0.24,
      -0.09999999999999998,
      0.040000000000000036
    ],
    [
      -0.5,
      -0.36,
      -0.21999999999999997,
      -0.07999999999999996,
      0.06000000000000005
    ],
    [
      -0.48,
      -0.33999999999999997,
      -0.19999999999999996,
      -0.05999999999999994,
      0.08000000000000007
    ],
    [
      -0.45999999999999996,
      -0.31999999999999995,
      -0.17999999999999994,
      -0.040000000000000036,
      0.10000000000000009
    ],
    [
      -0.43999999999999995,
      -0.29999999999999993,
      -0.16000000000000003,
      -0.020000000000000018,
      0.1200000000000001
    ],
    [
      -0.42000000000000004,
      -0.28,
      -0.14,
      0.0,
      0.14000000000000012
    ],
    [
      -0.4,
      -0.26,
      -0.12,
      0.020000000000000018,
      0.15999999999999992
    ],
    [
      -0.38,
      -0.24,
      -0.09999999999999998,
      0.040000000000000036,
      0.17999999999999994
    ],
    [
      -0.36,
      -0.21999999999999997,
      -0.07999999999999996,
      0.06000000000000005,
      0.19999999999999996
    ],
    [
      -0.33999999999999997,
      -0.19999999999999996,
      -0.05999999999999994,
      0.08000000000000007,
      0.21999999999999997
    ],
    [
      -0.31999999999999995,
      -0.17999999999999994,
      -0.040000000000000036,
      0.10000000000000009,
      0.24
    ],
    [
      -0.29999999999999993,
      -0.16000000000000003,
      -0.020000000000000018,
      0.1200000000000001,
      0.26
    ],
    [
      -0.28,
      -0.14,
      0.0,
      0.14000000000000012,
      0.28
    ],
    [
      -0.26,
      -0.12,
      0.020000000000000018,
      0.15999999999999992,
      0.30000000000000004
    ],
    [
      -0.24,
      -0.09999999999999998,
      0.040000000000000036,
      0.17999999999999994,
      0.32000000000000006
    ],
    [
      -0.21999999999999997,
      -0.07999999999999996,
      0.06000000000000005,
      0.19999999999999996,
      0.3400000000000001
    ],
    [
      -0.19999999999999996,
      -0.05999999999999994,
      0.08000000000000007,
      0.21999999999999997,
      0.3600000000000001
    ],
    [
      -0.17999999999999994,
      -0.040000000000000036,
      0.10000000000000009,
      0.24,
      0.3800000000000001
    ],
    [
      -0.16000000000000003,
      -0.020000000000000018,
      0.1200000000000001,
      0.26,
      0.40000000000000013
    ],
    [
      -0.14,
      0.0,
      0.14000000000000012,
      0.28,
      0.41999999999999993
    ],
    [
      -0.12,
      0.020000000000000018,
      0.15999999999999992,
      0.30000000000000004,
      0.43999999999999995
    ],
    [
      -0.09999999999999998,
      0.040000000000000036,
      0.17999999999999994,
      0.32000000000000006,
      0.45999999999999996
    ],
    [
      -0.07999999999999996,
      0.06000000000000005,
      0.19999999999999996,
      0.3400000000000001,
      0.48
    ],
    [
      -0.05999999999999994,
      0.08000000000000007,
      0.21999999999999997,
      0.3600000000000001,
      0.5
    ],
    [
      -0.040000000000000036,
      0.10000000000000009,
      0.24,
      0.3800000000000001,
      0.52
    ],
    [
      -0.020000000000000018,
      0.1200000000000001,
      0.26,
      0.40000000000000013,
      0.54
    ],
    [
      0.0,
      0.14000000000000012,
      0.28,
      0.41999999999999993,
      0.56
    ],
    [
      0.020000000000000018,
      0.15999999999999992,
      0.30000000000000004,
      0.43999999999999995,
      0.5800000000000001
    ],
    [
      0.040000000000000036,
      0.17999999999999994,
      0.32000000000000006,
      0.45999999999999996,
      0.6000000000000001
    ],
    [
      0.06000000000000005,
      0.19999999999999996,
      0.3400000000000001,
      0.48,
      0.6200000000000001
    ],
    [
      0.08000000000000007,
      0.21999999999999997,
      0.3600000000000001,
      0.5,
      0.6400000000000001
    ],
    [
      0.10000000000000009,
      0.24,
      0.3800000000000001,
      0.52,
      0.6600000000000001
    ],
    [
      0.1200000000000001,
      0.26,
      0.40000000000000013,
      0.54,
      0.6799999999999999
    ],
    [
      0.14000000000000012,
      0.28,
      0.41999999999999993,
      0.56,
      0.7
    ],
    [
      0.15999999999999992,
      0.30000000000000004,
      0.43999999999999995,
      0.5800000000000001,
      0.72
    ],
    [
      0.17999999999999994,
      0.32000000000000006,
      0.45999999999999996,
      0.6000000000000001,
      0.74
    ],
    [
      0.19999999999999996,
      0.3400000000000001,
      0.48,
      0.6200000000000001,
      0.76
    ],
    [
      0.21999999999999997,
      0.3600000000000001,
      0.5,
      0.6400000000000001,
      0.78
    ],
    [
      0.24,
      0.3800000000000001,
      0.52,
      0.6600000000000001,
      0.8
    ],
    [
      0.26,
      0.40000000000000013,
      0.54,
      0.6799999999999999,
      0.8200000000000001
    ],
    [
      0.28,
      0.41999999999999993,
      0.56,
      0.7,
      0.8400000000000001
    ],
    [
      0.30000000000000004,
      0.43999999999999995,
      0.5800000000000001,
      0.72,
      0.8600000000000001
    ],
    [
      0.32000000000000006,
      0.45999999999999996,
      0.6000000000000001,
      0.74,
      0.8800000000000001
    ],
    [
      0.3400000000000001,
      0.48,
