{
  "N": 27,
  "x": [
    1.0,
    1.6,
    2.2,
    2.8,
    3.4,
    4.0,
    4.6,
    5.2,
    5.8,
    6.3999999999999995,
    7.0,
    7.6,
    8.2,
    8.8,
    9.4,
    10.0,
    10.6,
    11.2,
    11.799999999999999,
    12.4,
    13.0,
    13.6,
    14.2,
    14.799999999999999,
    15.399999999999999,
    16.0,
    16.6
  ],
  "y": [
    5.124995188220831,
    5.468292099977557,
    5.789662934689023,
    6.090508091945588,
    6.372138529026123,
    6.635781473501152,
    6.882585770976948,
    7.11362689128385,
    7.329911614923654,
    7.532382420197658,
    7.721921590132631,
    7.8993550571009745,
    8.065456001888307,
    8.220948222891728,
    8.366509290130283,
    8.502773497811523,
    8.630334628320174,
    8.749748539673254,
    8.861535587716656,
    8.966182893618132,
    9.064146466537473,
    9.15585319072355,
    9.241702685697215,
    9.322069047625911,
    9.397302479478194,
    9.467730817061696,
    9.533660957594362
  ]
}
