{
  "N": 120,
  "kid_score_std": [
    -0.8,
    -0.7548739495798319,
    -0.709747899159664,
    -0.6646218487394958,
    -0.6194957983193278,
    -0.5743697478991596,
    -0.7092436974789916,
    -0.6641176470588235,
    -0.6189915966386554,
    -0.5738655462184874,
    -0.5287394957983194,
    -0.4836134453781513,
    -0.6184873949579833,
    -0.5733613445378152,
    -0.5282352941176471,
    -0.4831092436974791,
    -0.43798319327731106,
    -0.3928571428571429,
    -0.5277310924369748,
    -0.48260504201680676,
    -0.43747899159663867,
    -0.39235294117647057,
    -0.34722689075630253,
    -0.3021008403361345,
    -0.4369747899159664,
    -0.39184873949579824,
    -0.34672268907563025,
    -0.30159663865546227,
    -0.2564705882352941,
    -0.211344537815126,
    -0.346218487394958,
    -0.3010924369747898,
    -0.25596638655462184,
    -0.21084033613445372,
    -0.1657142857142857,
    -0.12058823529411769,
    -0.25546218487394967,
    -0.21033613445378152,
    -0.1652100840336135,
    -0.12008403361344538,
    -0.07495798319327726,
    -0.02983193277310925,
    -0.16470588235294112,
    -0.11957983193277313,
    -0.07445378151260501,
    -0.029327731092437,
    0.015798319327731125,
    0.06092436974789914,
    -0.07394957983193276,
    -0.028823529411764748,
    0.016302521008403376,
    0.06142857142857139,
    0.1065546218487395,
    0.1516806722689076,
    0.016806722689075626,
    0.061932773109243736,
    0.10705882352941176,
    0.15218487394957986,
    0.1973109243697479,
    0.242436974789916,
    0.10756302521008401,
    0.15268907563025202,
    0.19781512605042023,
    0.24294117647058824,
    0.28806722689075626,
    0.3331932773109243,
    0.1983193277310925,
    0.24344537815126052,
    0.28857142857142853,
    0.33369747899159674,
    0.3788235294117648,
    0.4239495798319328,
    0.2890756302521008,
    0.33420168067226896,
    0.379327731092437,
    0.42445378151260504,
    0.46957983193277303,
    0.5147058823529412,
    0.3798319327731092,
    0.42495798319327727,
    0.4700840336134455,
    0.5152100840336135,
    0.5603361344537815,
    0.6054621848739495,
    0.47058823529411775,
    0.5157142857142858,
    0.5608403361344538,
    0.6059663865546218,
    0.65109243697479,
    0.6962184873949581,
    0.561344537815126,
    0.6064705882352941,
    0.6515966386554624,
    0.6967226890756302,
    0.7418487394957982,
    0.7869747899159665,
    0.6521008403361345,
    0.6972268907563025,
    0.7423529411764704,
    0.7874789915966387,
    0.8326050420168067,
    0.8777310924369748,
    0.7428571428571428,
    0.787983193277311,
    0.833109243697479,
    0.878235294117647,
    0.9233613445378153,
    0.9684873949579833,
    0.8336134453781513,
    0.8787394957983193,
    0.9238655462184875,
    0.9689915966386554,
    1.0141176470588236,
    1.0592436974789914,
    0.9243697478991597,
    0.9694957983193278,
    1.0146218487394958,
    1.0597478991596638,
    1.104873949579832,
    1.15
  ],
  "mom_iq_std": [
    -2.0,
    -1.9663865546218486,
    -1.9327731092436975,
    -1.8991596638655461,
    -1.865546218487395,
    -1.8319327731092436,
    -1.7983193277310925,
    -1.7647058823529411,
    -1.73109243697479,
    -1.6974789915966386,
    -1.6638655462184873,
    -1.6302521008403361,
    -1.596638655462185,
    -1.5630252100840336,
    -1.5294117647058822,
    -1.495798319327731,
    -1.46218487394958,
    -1.4285714285714286,
    -1.3949579831932772,
    -1.361344537815126,
    -1.3277310924369747,
    -1.2941176470588234,
    -1.2605042016806722,
    -1.226890756302521,
    -1.1932773109243697,
    -1.1596638655462184,
    -1.1260504201680672,
    -1.092436974789916,
    -1.0588235294117647,
    -1.0252100840336134,
    -0.9915966386554622,
    -0.9579831932773109,
    -0.9243697478991597,
    -0.8907563025210083,
    -0.8571428571428572,
    -0.8235294117647058,
    -0.7899159663865547,
    -0.7563025210084033,
    -0.7226890756302522,
    -0.6890756302521008,
    -0.6554621848739495,
    -0.6218487394957983,
    -0.588235294117647,
    -0.5546218487394958,
    -0.5210084033613445,
    -0.4873949579831933,
    -0.45378151260504196,
    -0.4201680672268908,
    -0.38655462184873945,
    -0.3529411764705883,
    -0.31932773109243695,
    -0.2857142857142858,
    -0.25210084033613445,
    -0.21848739495798308,
    -0.18487394957983194,
    -0.15126050420168058,
    -0.11764705882352944,
    -0.08403361344537807,
    -0.050420168067226934,
    -0.01680672268907557,
    0.01680672268907557,
    0.05042016806722671,
    0.0840336134453783,
    0.11764705882352944,
    0.15126050420168058,
    0.18487394957983172,
    0.2184873949579833,
    0.25210084033613445,
    0.2857142857142856,
    0.3193277310924372,
    0.3529411764705883,
    0.38655462184873945,
    0.4201680672268906,
    0.4537815126050422,
    0.4873949579831933,
    0.5210084033613445,
    0.5546218487394956,
    0.5882352941176472,
    0.6218487394957983,
    0.6554621848739495,
    0.6890756302521011,
    0.7226890756302522,
    0.7563025210084033,
    0.7899159663865545,
    0.8235294117647061,
    0.8571428571428572,
    0.8907563025210083,
    0.9243697478991595,
    0.9579831932773111,
    0.9915966386554622,
    1.0252100840336134,
    1.0588235294117645,
    1.092436974789916,
    1.1260504201680672,
    1.1596638655462184,
    1.19327731092437,
    1.226890756302521,
    1.2605042016806722,
    1.2941176470588234,
    1.327731092436975,
    1.361344537815126,
    1.3949579831932772,
    1.4285714285714284,
    1.46218487394958,
    1.495798319327731,
    1.5294117647058822,
    1.5630252100840338,
    1.596638655462185,
    1.6302521008403361,
    1.6638655462184873,
    1.6974789915966388,
    1.73109243697479,
    1.7647058823529411,
    1.7983193277310923,
    1.8319327731092439,
    1.865546218487395,
    1.8991596638655461,
    1.9327731092436973,
    1.9663865546218489,
    2.0
  ]
}
