{
  "N": 150,
  "height_std": [
    -2.0,
    -1.9731543624161074,
    -1.9463087248322148,
    -1.9194630872483223,
    -1.8926174496644295,
    -1.8657718120805369,
    -1.8389261744966443,
    -1.8120805369127517,
    -1.7852348993288591,
    -1.7583892617449663,
    -1.7315436241610738,
    -1.7046979865771812,
    -1.6778523489932886,
    -1.651006711409396,
    -1.6241610738255035,
    -1.5973154362416109,
    -1.570469798657718,
    -1.5436241610738255,
    -1.516778523489933,
    -1.4899328859060401,
    -1.4630872483221475,
    -1.436241610738255,
    -1.4093959731543624,
    -1.3825503355704698,
    -1.3557046979865772,
    -1.3288590604026846,
    -1.302013422818792,
    -1.2751677852348995,
    -1.2483221476510067,
    -1.221476510067114,
    -1.1946308724832215,
    -1.1677852348993287,
    -1.1409395973154361,
    -1.1140939597315436,
    -1.087248322147651,
    -1.0604026845637584,
    -1.0335570469798658,
    -1.0067114093959733,
    -0.9798657718120805,
    -0.9530201342281879,
    -0.9261744966442953,
    -0.8993288590604027,
    -0.8724832214765101,
    -0.8456375838926173,
    -0.8187919463087248,
    -0.7919463087248322,
    -0.7651006711409396,
    -0.738255033557047,
    -0.7114093959731544,
    -0.6845637583892616,
    -0.6577181208053691,
    -0.6308724832214765,
    -0.6040268456375839,
    -0.5771812080536913,
    -0.5503355704697988,
    -0.523489932885906,
    -0.49664429530201337,
    -0.4697986577181208,
    -0.4429530201342282,
    -0.41610738255033564,
    -0.38926174496644306,
    -0.36241610738255026,
    -0.3355704697986577,
    -0.3087248322147651,
    -0.2818791946308725,
    -0.25503355704697994,
    -0.22818791946308714,
    -0.20134228187919456,
    -0.17449664429530198,
    -0.1476510067114094,
    -0.12080536912751683,
    -0.09395973154362425,
    -0.06711409395973145,
    -0.04026845637583887,
    -0.01342281879194629,
    0.013422818791946511,
    0.04026845637583909,
    0.06711409395973167,
    0.09395973154362425,
    0.12080536912751683,
    0.1476510067114094,
    0.17449664429530198,
    0.20134228187919456,
    0.22818791946308714,
    0.2550335570469797,
    0.2818791946308723,
    0.3087248322147653,
    0.3355704697986579,
    0.3624161073825505,
    0.38926174496644306,
    0.41610738255033564,
    0.4429530201342282,
    0.4697986577181208,
    0.49664429530201337,
    0.523489932885906,
    0.5503355704697985,
    0.5771812080536911,
    0.6040268456375837,
    0.6308724832214767,
    0.6577181208053693,
    0.6845637583892619,
    0.7114093959731544,
    0.738255033557047,
    0.7651006711409396,
    0.7919463087248322,
    0.8187919463087248,
    0.8456375838926173,
    0.8724832214765099,
    0.8993288590604025,
    0.9261744966442955,
    0.9530201342281881,
    0.9798657718120807,
    1.0067114093959733,
    1.0335570469798658,
    1.0604026845637584,
    1.087248322147651,
    1.1140939597315436,
    1.1409395973154361,
    1.1677852348993287,
    1.1946308724832213,
    1.2214765100671139,
    1.248322147651007,
    1.2751677852348995,
    1.302013422818792,
    1.3288590604026846,
    1.3557046979865772,
    1.3825503355704698,
    1.4093959731543624,
    1.436241610738255,
    1.4630872483221475,
    1.4899328859060401,
    1.5167785234899327,
    1.5436241610738257,
    1.5704697986577183,
    1.5973154362416109,
    1.6241610738255035,
    1.651006711409396,
    1.6778523489932886,
    1.7046979865771812,
    1.7315436241610738,
    1.7583892617449663,
    1.785234899328859,
    1.8120805369127515,
    1.838926174496644,
    1.865771812080537,
    1.8926174496644297,
    1.9194630872483223,
    1.9463087248322148,
    1.9731543624161074,
    2.0
  ],
  "log_earn_std": [
    -0.6000000000000001,
    -0.539261744966443,
    -0.47852348993288596,
    -0.41778523489932884,
    -0.3570469798657718,
    -0.5463087248322147,
    -0.48557046979865787,
    -0.4248322147651008,
    -0.3640939597315437,
    -0.3033557046979866,
    -0.4926174496644295,
    -0.43187919463087254,
    -0.3711409395973154,
    -0.31040268456375847,
    -0.2496644295302014,
    -0.43892617449664434,
    -0.3781879194630873,
    -0.31744966442953015,
    -0.2567114093959732,
    -0.19597315436241602,
    -0.38523489932885907,
    -0.324496644295302,
    -0.2637583892617449,
    -0.20302013422818793,
    -0.14228187919463087,
    -0.3315436241610739,
    -0.27080536912751685,
    -0.21006711409395976,
    -0.14932885906040266,
    -0.08859060402684565,
    -0.27785234899328864,
    -0.21711409395973152,
    -0.1563758389261745,
    -0.0956375838926174,
    -0.034899328859060386,
    -0.22416107382550338,
    -0.16342281879194637,
    -0.10268456375838933,
    -0.04194630872483218,
    0.018791946308724827,
    -0.1704697986577181,
    -0.10973154362416108,
    -0.04899328859060406,
    0.011744966442953086,
    0.0724832214765101,
    -0.1167785234899329,
    -0.05604026845637587,
    0.004697986577181207,
    0.06543624161073824,
    0.12617449664429536,
    -0.06308724832214763,
    -0.0023489932885906034,
    0.05838926174496645,
    0.11912751677852348,
    0.17986577181208052,
    -0.009395973154362386,
    0.051342281879194665,
    0.11208053691275169,
    0.17281879194630873,
    0.23355704697986576,
    0.04429530201342277,
    0.1050335570469799,
    0.16577181208053693,
    0.226510067114094,
    0.287248322147651,
    0.09798657718120803,
    0.15872483221476513,
    0.2194630872483222,
    0.2802013422818792,
    0.34093959731543627,
    0.15167785234899328,
    0.2124161073825503,
    0.27315436241610747,
    0.3338926174496645,
    0.3946308724832215,
    0.2053691275167786,
    0.26610738255033567,
    0.3268456375838927,
    0.38758389261744974,
    0.44832214765100675,
    0.25906040268456376,
    0.3197986577181208,
    0.3805369127516779,
    0.4412751677852349,
    0.5020134228187919,
    0.3127516778523489,
    0.37348993288590615,
    0.43422818791946316,
    0.4949664429530202,
    0.5557046979865772,
    0.3664429530201343,
    0.4271812080536913,
    0.4879194630872483,
    0.5486577181208054,
    0.6093959731543623,
    0.42013422818791946,
    0.48087248322147647,
    0.5416107382550335,
    0.6023489932885907,
    0.6630872483221477,
    0.4738255033557048,
    0.5345637583892618,
    0.5953020134228189,
    0.6560402684563759,
    0.7167785234899329,
    0.52751677852349,
    0.588255033557047,
    0.6489932885906039,
    0.709731543624161,
    0.7704697986577183,
    0.5812080536912753,
    0.6419463087248323,
    0.7026845637583893,
    0.7634228187919464,
    0.8241610738255034,
    0.6348993288590604,
    0.6956375838926174,
    0.7563758389261744,
    0.8171140939597316,
    0.8778523489932886,
    0.6885906040268456,
    0.7493288590604028,
    0.8100671140939598,
    0.8708053691275169,
    0.931543624161074,
    0.7422818791946308,
    0.803020134228188,
    0.863758389261745,
    0.9244966442953021,
    0.9852348993288591,
    0.795973154362416,
    0.8567114093959731,
    0.9174496644295304,
    0.9781879194630875,
    1.0389261744966443,
    0.8496644295302014,
    0.9104026845637585,
    0.9711409395973155,
    1.0318791946308727,
    1.0926174496644294,
    0.9033557046979865,
    0.9640939597315437,
    1.0248322147651008,
    1.085570469798658,
    1.1463087248322148,
    0.9570469798657719,
    1.017785234899329,
    1.0785234899328862,
    1.139261744966443,
    1.2
  ]
}
