{
  "J": 8,
  "N": 64,
  "group": [
    1,
    2,
    3,
    4,
    5,
    6,
    7,
    8,
    1,
    2,
    3,
    4,
    5,
    6,
    7,
    8,
    1,
    2,
    3,
    4,
    5,
    6,
    7,
    8,
    1,
    2,
    3,
    4,
    5,
    6,
    7,
    8,
    1,
    2,
    3,
    4,
    5,
    6,
    7,
    8,
    1,
    2,
    3,
    4,
    5,
    6,
    7,
    8,
    1,
    2,
    3,
    4,
    5,
    6,
    7,
    8,
    1,
    2,
    3,
    4,
    5,
    6,
    7,
    8
  ],
  "x": [
    -1.3333333333333333,
    -1.0,
    -0.6666666666666666,
    -0.3333333333333333,
    0.0,
    0.3333333333333333,
    0.6666666666666666,
    1.0,
    1.3333333333333333,
    -1.3333333333333333,
    -1.0,
    -0.6666666666666666,
    -0.3333333333333333,
    0.0,
    0.3333333333333333,
    0.6666666666666666,
    1.0,
    1.3333333333333333,
    -1.3333333333333333,
    -1.0,
    -0.6666666666666666,
    -0.3333333333333333,
    0.0,
    0.3333333333333333,
    0.6666666666666666,
    1.0,
    1.3333333333333333,
    -1.3333333333333333,
    -1.0,
    -0.6666666666666666,
    -0.3333333333333333,
    0.0,
    0.3333333333333333,
    0.6666666666666666,
    1.0,
    1.3333333333333333,
    -1.3333333333333333,
    -1.0,
    -0.6666666666666666,
    -0.3333333333333333,
    0.0,
    0.3333333333333333,
    0.6666666666666666,
    1.0,
    1.3333333333333333,
    -1.3333333333333333,
    -1.0,
    -0.6666666666666666,
    -0.3333333333333333,
    0.0,
    0.3333333333333333,
    0.6666666666666666,
    1.0,
    1.3333333333333333,
    -1.3333333333333333,
    -1.0,
    -0.6666666666666666,
    -0.3333333333333333,
    0.0,
    0.3333333333333333,
    0.6666666666666666,
    1.0,
    1.3333333333333333,
    -1.3333333333333333
  ],
  "y": [
    -0.7666666666666666,
    -0.45000000000000023,
    -0.13333333333333333,
    0.18333333333333335,
    0.5,
    0.8166666666666667,
    1.1333333333333333,
    1.4500000000000002,
    1.3666666666666667,
    -0.7166666666666666,
    -0.40000000000000024,
    -0.08333333333333331,
    0.23333333333333334,
    0.55,
    0.8666666666666667,
    1.1833333333333333,
    1.1,
    1.4166666666666667,
    -0.6666666666666666,
    -0.3500000000000002,
    -0.033333333333333326,
    0.2833333333333333,
    0.6000000000000001,
    0.9166666666666667,
    0.8333333333333333,
    1.1500000000000001,
    1.4666666666666668,
    -0.6166666666666666,
    -0.3000000000000002,
    0.016666666666666663,
    0.33333333333333337,
    0.65,
    0.5666666666666667,
    0.8833333333333333,
    1.2000000000000002,
    1.5166666666666666,
    -0.5666666666666667,
    -0.2500000000000002,
    0.06666666666666671,
    0.38333333333333336,
    0.3,
    0.6166666666666667,
    0.9333333333333332,
    1.25,
    1.5666666666666667,
    -0.5166666666666666,
    -0.20000000000000018,
    0.1166666666666667,
    0.033333333333333326,
    0.35,
    0.6666666666666666,
    0.9833333333333333,
    1.3,
    1.6166666666666667,
    -0.46666666666666656,
    -0.1500000000000002,
    -0.23333333333333334,
    0.08333333333333333,
    0.4,
    0.7166666666666667,
    1.0333333333333332,
    1.35,
    1.6666666666666667,
    -0.4166666666666666
  ]
}
